base_id,condition,hop_depth,error_type,final_correct,final_absurd,max_probe_score,mean_probe_score,fired_at_least_once,n_interventions
planning_budget_0002,baseline,4,constraint_violation,False,False,0.4314369115815659,0.1224466205061791,False,0
planning_budget_0002,reprompt,4,constraint_violation,False,False,0.4314369115815659,0.1224466205061791,False,0
planning_budget_0002,replace_prior,4,constraint_violation,False,False,0.4314369115815659,0.1224466205061791,False,0
planning_budget_0002,branch_and_pick,4,constraint_violation,False,False,0.4314369115815659,0.1224466205061791,False,0
2hop_fractions_0039,baseline,2,wrong_percentage_base,False,False,0.9993993033493368,0.4996996537335247,True,0
2hop_fractions_0039,reprompt,2,wrong_percentage_base,False,False,0.9993993033493368,0.4996996537335247,True,1
2hop_fractions_0039,replace_prior,2,wrong_percentage_base,False,False,0.9962490037699436,0.4981245039438282,True,1
2hop_fractions_0039,branch_and_pick,2,wrong_percentage_base,False,False,0.9999999917193596,0.499999997918536,True,1
2hop_fractions_0032,baseline,2,wrong_unit,False,False,0.9999653026746088,0.4999826683492111,True,0
2hop_fractions_0032,reprompt,2,wrong_unit,False,False,0.9999653026746088,0.4999826683492111,True,1
2hop_fractions_0032,replace_prior,2,wrong_unit,False,False,0.9999976409159028,0.4999988374698581,True,1
2hop_fractions_0032,branch_and_pick,2,wrong_unit,True,False,0.9999999747114688,0.500000004367641,True,1
3hop_multi_stage_geometry_0006,baseline,3,wrong_operator,False,False,0.9994515320034876,0.6594915518281129,True,0
3hop_multi_stage_geometry_0006,reprompt,3,wrong_operator,False,False,0.9994515320034876,0.6594915518281129,True,2
3hop_multi_stage_geometry_0006,replace_prior,3,wrong_operator,False,False,0.999999239420834,0.6666661778006103,True,2
3hop_multi_stage_geometry_0006,branch_and_pick,3,wrong_operator,False,False,0.9999998684588652,0.6653220822649026,True,2
4hop_multi_stage_allocation_0017,baseline,4,wrong_unit,False,False,0.9999999846711762,0.7493556469206077,True,0
4hop_multi_stage_allocation_0017,reprompt,4,wrong_unit,False,False,0.9999999846711762,0.7493556469206077,True,3
4hop_multi_stage_allocation_0017,replace_prior,4,wrong_unit,False,False,0.9999999998807564,0.7499649534689155,True,3
4hop_multi_stage_allocation_0017,branch_and_pick,4,wrong_unit,False,False,0.9999914247693577,0.560356915895367,True,3
3hop_compound_rate_0007,baseline,3,wrong_unit,False,False,0.999999727485716,0.6666664419665309,True,0
3hop_compound_rate_0007,reprompt,3,wrong_unit,False,False,0.999999727485716,0.6666664419665309,True,2
3hop_compound_rate_0007,replace_prior,3,wrong_unit,False,False,0.9999999716067746,0.6666472729298464,True,2
3hop_compound_rate_0007,branch_and_pick,3,wrong_unit,False,False,0.9938487109061432,0.6519041954584096,True,2
2hop_fractions_0005,baseline,2,off_by_one,False,False,0.9688746146384356,0.4844373119238093,True,0
2hop_fractions_0005,reprompt,2,off_by_one,False,False,0.9688746146384356,0.4844373119238093,True,1
2hop_fractions_0005,replace_prior,2,off_by_one,False,False,0.9999680973217776,0.4999840532654802,True,1
2hop_fractions_0005,branch_and_pick,2,off_by_one,False,False,0.9999999870993505,0.4999999981542667,True,1
4hop_nested_fractions_0019,baseline,4,wrong_percentage_base,True,False,0.9999999995554149,0.7249243929860396,True,0
4hop_nested_fractions_0019,reprompt,4,wrong_percentage_base,False,False,0.9999999995554149,0.7249243929860396,True,3
4hop_nested_fractions_0019,replace_prior,4,wrong_percentage_base,False,False,0.999999804880714,0.749994269000476,True,3
4hop_nested_fractions_0019,branch_and_pick,4,wrong_percentage_base,False,False,0.9999999999991028,0.6165291044704037,True,3
2hop_rate_distance_0038,baseline,2,magnitude_error,False,False,0.9996091001049312,0.4998045575850746,True,0
2hop_rate_distance_0038,reprompt,2,magnitude_error,False,False,0.9996091001049312,0.4998045575850746,True,1
2hop_rate_distance_0038,replace_prior,2,magnitude_error,False,False,9.663083916791553e-07,4.906868048727725e-07,False,1
2hop_rate_distance_0038,branch_and_pick,2,magnitude_error,False,False,0.999999976071437,0.4999999955683275,True,1
3hop_percentage_chain_0047,baseline,3,wrong_unit,False,False,0.9999999778958996,0.6666258087346053,True,0
3hop_percentage_chain_0047,reprompt,3,wrong_unit,False,False,0.9999999778958996,0.6666258087346053,True,2
3hop_percentage_chain_0047,replace_prior,3,wrong_unit,False,False,0.9999999715456804,0.6666666545201149,True,2
3hop_percentage_chain_0047,branch_and_pick,3,wrong_unit,False,False,0.9999986750140494,0.643341031266589,True,2
3hop_compound_rate_0018,baseline,3,magnitude_error,False,False,0.9999980189940678,0.6666651117522292,True,0
3hop_compound_rate_0018,reprompt,3,magnitude_error,False,False,0.9999980189940678,0.6666651117522292,True,2
3hop_compound_rate_0018,replace_prior,3,magnitude_error,False,False,0.999999547786936,0.4058601742155303,True,2
3hop_compound_rate_0018,branch_and_pick,3,magnitude_error,False,False,0.9999998283215752,0.6666213662167372,True,2
3hop_percentage_chain_0015,baseline,3,off_by_one,False,False,0.9999999872268378,0.6606714319135155,True,0
3hop_percentage_chain_0015,reprompt,3,off_by_one,False,False,0.9999999872268378,0.6606714319135155,True,2
3hop_percentage_chain_0015,replace_prior,3,off_by_one,False,False,0.9999999954679266,0.6666666872506665,True,2
3hop_percentage_chain_0015,branch_and_pick,3,off_by_one,False,False,0.9999967892711366,0.6666523860791195,True,2
3hop_percentage_chain_0004,baseline,3,wrong_percentage_base,False,False,0.9999999998135438,0.6658200837110075,True,0
3hop_percentage_chain_0004,reprompt,3,wrong_percentage_base,False,False,0.9999999998135438,0.6658200837110075,True,2
3hop_percentage_chain_0004,replace_prior,3,wrong_percentage_base,False,False,0.999999992187502,0.6666665898215359,True,2
3hop_percentage_chain_0004,branch_and_pick,3,wrong_percentage_base,False,False,0.9999998675249832,0.6665496699401663,True,2
4hop_nested_fractions_0015,baseline,4,off_by_one,True,False,0.9999997602250852,0.7444210440394483,True,0
4hop_nested_fractions_0015,reprompt,4,off_by_one,False,False,0.9999997602250852,0.7444210440394483,True,3
4hop_nested_fractions_0015,replace_prior,4,off_by_one,False,False,0.9999999847881926,0.7499988515065247,True,3
4hop_nested_fractions_0015,branch_and_pick,4,off_by_one,True,False,1.0,0.7457648905358709,True,3
2hop_fractions_0003,baseline,2,magnitude_error,False,False,0.960109970808884,0.4800550222322665,True,0
2hop_fractions_0003,reprompt,2,magnitude_error,False,False,0.960109970808884,0.4800550222322665,True,1
2hop_fractions_0003,replace_prior,2,magnitude_error,False,False,0.99751664080574,0.4987583572306944,True,1
2hop_fractions_0003,branch_and_pick,2,magnitude_error,False,False,0.9999967023048776,0.4999983879802632,True,1
4hop_compound_interest_0018,baseline,4,magnitude_error,False,False,0.999999999449526,0.7378010758105933,True,0
4hop_compound_interest_0018,reprompt,4,magnitude_error,False,False,0.999999999449526,0.7378010758105933,True,3
4hop_compound_interest_0018,replace_prior,4,magnitude_error,False,False,0.9999675108626552,0.2770442762084326,True,3
4hop_compound_interest_0018,branch_and_pick,4,magnitude_error,False,False,0.9999998653087973,0.7444012553668755,True,3
2hop_arithmetic_0015,baseline,2,off_by_one,False,False,0.9846553565147282,0.4923276790250955,True,0
2hop_arithmetic_0015,reprompt,2,off_by_one,False,False,0.9846553565147282,0.4923276790250955,True,1
2hop_arithmetic_0015,replace_prior,2,off_by_one,False,False,0.9999945177708128,0.4999972596531378,True,1
2hop_arithmetic_0015,branch_and_pick,2,off_by_one,False,False,0.9999519928335608,0.4999759971845118,True,1
3hop_compound_rate_0040,baseline,3,off_by_one,False,False,0.9999999182449107,0.666666621326235,True,0
3hop_compound_rate_0040,reprompt,3,off_by_one,False,False,0.9999999182449107,0.666666621326235,True,2
3hop_compound_rate_0040,replace_prior,3,off_by_one,False,False,0.9999863917177394,0.6664653843064461,True,2
3hop_compound_rate_0040,branch_and_pick,3,off_by_one,False,False,0.9999984065530976,0.6657022540835201,True,2
2hop_rate_distance_0031,baseline,2,wrong_operator,False,False,0.9999993555026097,0.4999996848280431,True,0
2hop_rate_distance_0031,reprompt,2,wrong_operator,False,False,0.9999993555026097,0.4999996848280431,True,1
2hop_rate_distance_0031,replace_prior,2,wrong_operator,False,False,1.0049165639029545e-07,5.732256651315823e-08,False,1
2hop_rate_distance_0031,branch_and_pick,2,wrong_operator,False,False,0.9999966013706476,0.4999983077620621,True,1
2hop_percentage_0009,baseline,2,wrong_percentage_base,False,False,0.98242472967303,0.4912123649752531,True,0
2hop_percentage_0009,reprompt,2,wrong_percentage_base,False,False,0.98242472967303,0.4912123649752531,True,1
2hop_percentage_0009,replace_prior,2,wrong_percentage_base,False,False,0.9997515182393886,0.4998757592584325,True,1
2hop_percentage_0009,branch_and_pick,2,wrong_percentage_base,False,False,0.9999853586846702,0.4999926794810733,True,1
3hop_compound_rate_0012,baseline,3,wrong_unit,False,False,0.9999318470481148,0.6665301978340964,True,0
3hop_compound_rate_0012,reprompt,3,wrong_unit,False,False,0.9999318470481148,0.6665301978340964,True,2
3hop_compound_rate_0012,replace_prior,3,wrong_unit,False,False,0.9999999989791876,0.6666665679045626,True,2
3hop_compound_rate_0012,branch_and_pick,3,wrong_unit,False,False,0.9816472084393576,0.6065290737258334,True,2
2hop_counting_0009,baseline,2,wrong_percentage_base,False,False,0.9837419488247654,0.4918710050041053,True,0
2hop_counting_0009,reprompt,2,wrong_percentage_base,False,False,0.9837419488247654,0.4918710050041053,True,1
2hop_counting_0009,replace_prior,2,wrong_percentage_base,False,False,0.9940423881668295,0.4970212246751375,True,1
2hop_counting_0009,branch_and_pick,2,wrong_percentage_base,False,False,0.9999999457341938,0.5000000034588196,True,1
2hop_percentage_0025,baseline,2,off_by_one,False,False,0.9796080518656664,0.4898040260929449,True,0
2hop_percentage_0025,reprompt,2,off_by_one,False,False,0.9796080518656664,0.4898040260929449,True,1
2hop_percentage_0025,replace_prior,2,off_by_one,False,False,0.9999999996541022,0.4999999999871628,True,1
2hop_percentage_0025,branch_and_pick,2,off_by_one,False,False,0.9999668495908184,0.4999834249555209,True,1
4hop_nested_fractions_0000,baseline,4,off_by_one,True,False,0.9997940982709762,0.7261070681340983,True,0
4hop_nested_fractions_0000,reprompt,4,off_by_one,False,False,0.9997940982709762,0.7261070681340983,True,3
4hop_nested_fractions_0000,replace_prior,4,off_by_one,False,False,0.9999999703121012,0.7499974877087839,True,3
4hop_nested_fractions_0000,branch_and_pick,4,off_by_one,False,False,0.9999999752087068,0.7152516887260986,True,3
3hop_compound_rate_0030,baseline,3,off_by_one,False,False,0.9999999174483126,0.6666666081998002,True,0
3hop_compound_rate_0030,reprompt,3,off_by_one,False,False,0.9999999174483126,0.6666666081998002,True,2
3hop_compound_rate_0030,replace_prior,3,off_by_one,False,False,0.999984918929836,0.6663888507817883,True,2
3hop_compound_rate_0030,branch_and_pick,3,off_by_one,False,False,0.9999999744721508,0.6645674075425488,True,2
2hop_fractions_0027,baseline,2,wrong_unit,False,False,0.9995519163188582,0.4997759857642693,True,0
2hop_fractions_0027,reprompt,2,wrong_unit,False,False,0.9995519163188582,0.4997759857642693,True,1
2hop_fractions_0027,replace_prior,2,wrong_unit,False,False,0.9999991523284372,0.4999996037690588,True,1
2hop_fractions_0027,branch_and_pick,2,wrong_unit,False,False,0.9999999994261016,0.5000000273178911,True,1
3hop_percentage_chain_0038,baseline,3,magnitude_error,False,False,0.9999999364157072,0.6666647886613708,True,0
3hop_percentage_chain_0038,reprompt,3,magnitude_error,False,False,0.9999999364157072,0.6666647886613708,True,2
3hop_percentage_chain_0038,replace_prior,3,magnitude_error,False,False,0.9999999954067804,0.6666511975045563,True,2
3hop_percentage_chain_0038,branch_and_pick,3,magnitude_error,False,False,0.9999654041961734,0.6666163558896115,True,2
3hop_multi_stage_geometry_0035,baseline,3,off_by_one,False,False,0.9999766913021384,0.6663257101707359,True,0
3hop_multi_stage_geometry_0035,reprompt,3,off_by_one,False,False,0.9999766913021384,0.6663257101707359,True,2
3hop_multi_stage_geometry_0035,replace_prior,3,off_by_one,False,False,0.9999995262172914,0.6666663376720205,True,2
3hop_multi_stage_geometry_0035,branch_and_pick,3,off_by_one,False,False,0.9999937969860682,0.6663217564770446,True,2
3hop_percentage_chain_0019,baseline,3,wrong_percentage_base,False,False,0.9999999999732808,0.6646975624738927,True,0
3hop_percentage_chain_0019,reprompt,3,wrong_percentage_base,False,False,0.9999999999732808,0.6646975624738927,True,2
3hop_percentage_chain_0019,replace_prior,3,wrong_percentage_base,False,False,0.999999997223466,0.666666692142679,True,2
3hop_percentage_chain_0019,branch_and_pick,3,wrong_percentage_base,False,False,0.9999889152404148,0.666526754047014,True,2
2hop_percentage_0033,baseline,2,magnitude_error,False,False,0.9935980273125876,0.496799014296473,True,0
2hop_percentage_0033,reprompt,2,magnitude_error,False,False,0.9935980273125876,0.496799014296473,True,1
2hop_percentage_0033,replace_prior,2,magnitude_error,False,False,0.9998719346812672,0.4999359679808128,True,1
2hop_percentage_0033,branch_and_pick,2,magnitude_error,False,False,0.999999957087954,0.4999999791841563,True,1
2hop_rate_distance_0030,baseline,2,off_by_one,False,False,0.6523454817206698,0.3261727497995334,False,0
2hop_rate_distance_0030,reprompt,2,off_by_one,False,False,0.6523454817206698,0.3261727497995334,False,0
2hop_rate_distance_0030,replace_prior,2,off_by_one,False,False,0.6523454817206698,0.3261727497995334,False,0
2hop_rate_distance_0030,branch_and_pick,2,off_by_one,False,False,0.6523454817206698,0.3261727497995334,False,0
4hop_nested_fractions_0021,baseline,4,wrong_operator,True,False,0.9999999999979317,0.7500012745982096,True,0
4hop_nested_fractions_0021,reprompt,4,wrong_operator,False,False,0.9999999999979317,0.7500012745982096,True,3
4hop_nested_fractions_0021,replace_prior,4,wrong_operator,False,False,0.9999999772983896,0.7500001903101321,True,3
4hop_nested_fractions_0021,branch_and_pick,4,wrong_operator,True,False,0.99999999019813,0.7499965030077314,True,3
2hop_percentage_0042,baseline,2,wrong_unit,False,False,0.9979678618808556,0.4989839314595915,True,0
2hop_percentage_0042,reprompt,2,wrong_unit,False,False,0.9979678618808556,0.4989839314595915,True,1
2hop_percentage_0042,replace_prior,2,wrong_unit,False,False,0.9999332556109528,0.49996662832464,True,1
2hop_percentage_0042,branch_and_pick,2,wrong_unit,False,False,0.9999999885236616,0.4999999947809945,True,1
4hop_multi_stage_allocation_0024,baseline,4,wrong_percentage_base,False,False,0.9999998233510692,0.7414906291432333,True,0
4hop_multi_stage_allocation_0024,reprompt,4,wrong_percentage_base,False,False,0.9999998233510692,0.7414906291432333,True,3
4hop_multi_stage_allocation_0024,replace_prior,4,wrong_percentage_base,False,False,0.9999999999872043,0.7499996755242411,True,3
4hop_multi_stage_allocation_0024,branch_and_pick,4,wrong_percentage_base,False,False,0.9999993435350616,0.487312810824945,True,3
3hop_compound_rate_0038,baseline,3,magnitude_error,False,False,0.9999998927916444,0.6666665788984593,True,0
3hop_compound_rate_0038,reprompt,3,magnitude_error,False,False,0.9999998927916444,0.6666665788984593,True,2
3hop_compound_rate_0038,replace_prior,3,magnitude_error,False,False,0.9999977874412658,0.666633127461462,True,2
3hop_compound_rate_0038,branch_and_pick,3,magnitude_error,False,False,0.9977272282014512,0.6626957530661012,True,2
3hop_percentage_chain_0032,baseline,3,wrong_unit,False,False,0.999999471623625,0.6666624422077687,True,0
3hop_percentage_chain_0032,reprompt,3,wrong_unit,False,False,0.999999471623625,0.6666624422077687,True,2
3hop_percentage_chain_0032,replace_prior,3,wrong_unit,False,False,0.9999999977293724,0.666664279394034,True,2
3hop_percentage_chain_0032,branch_and_pick,3,wrong_unit,True,False,0.9999998810110944,0.6630893582829923,True,2
3hop_multi_stage_geometry_0042,baseline,3,wrong_unit,False,False,0.9764589427246868,0.602053873001536,True,0
3hop_multi_stage_geometry_0042,reprompt,3,wrong_unit,False,False,0.9764589427246868,0.602053873001536,True,2
3hop_multi_stage_geometry_0042,replace_prior,3,wrong_unit,False,False,0.9999961124687008,0.6666617561016216,True,2
3hop_multi_stage_geometry_0042,branch_and_pick,3,wrong_unit,False,False,0.9999999820734874,0.6666488720990834,True,2
3hop_percentage_chain_0041,baseline,3,wrong_operator,False,False,0.9999999860632848,0.6660623442761046,True,0
3hop_percentage_chain_0041,reprompt,3,wrong_operator,False,False,0.9999999860632848,0.6660623442761046,True,2
3hop_percentage_chain_0041,replace_prior,3,wrong_operator,False,False,0.999999837676305,0.6665820672618944,True,2
3hop_percentage_chain_0041,branch_and_pick,3,wrong_operator,False,False,0.9999999819853604,0.6662855481524139,True,2
2hop_arithmetic_0012,baseline,2,wrong_unit,False,False,0.9991444789341036,0.4995722401365033,True,0
2hop_arithmetic_0012,reprompt,2,wrong_unit,False,False,0.9991444789341036,0.4995722401365033,True,1
2hop_arithmetic_0012,replace_prior,2,wrong_unit,False,False,0.9999982017663008,0.4999991015526019,True,1
2hop_arithmetic_0012,branch_and_pick,2,wrong_unit,False,False,0.9999435507269246,0.4999717760329139,True,1
2hop_counting_0017,baseline,2,wrong_unit,False,False,0.9939439363850148,0.4969720007968107,True,0
2hop_counting_0017,reprompt,2,wrong_unit,False,False,0.9939439363850148,0.4969720007968107,True,1
2hop_counting_0017,replace_prior,2,wrong_unit,False,False,0.999999821906966,0.4999999435577863,True,1
2hop_counting_0017,branch_and_pick,2,wrong_unit,False,False,0.9999999992272212,0.500000032217914,True,1
2hop_fractions_0014,baseline,2,wrong_percentage_base,False,False,0.9998767800701852,0.4999384026608214,True,0
2hop_fractions_0014,reprompt,2,wrong_percentage_base,False,False,0.9998767800701852,0.4999384026608214,True,1
2hop_fractions_0014,replace_prior,2,wrong_percentage_base,False,False,0.9973222494846676,0.4986611373680626,True,1
2hop_fractions_0014,branch_and_pick,2,wrong_percentage_base,False,False,0.9999999920583488,0.5000000086549032,True,1
4hop_compound_interest_0003,baseline,4,magnitude_error,False,False,0.9999999952609442,0.7466931171721912,True,0
4hop_compound_interest_0003,reprompt,4,magnitude_error,False,False,0.9999999952609442,0.7466931171721912,True,3
4hop_compound_interest_0003,replace_prior,4,magnitude_error,False,False,0.9999970255991668,0.4793858773920659,True,3
4hop_compound_interest_0003,branch_and_pick,4,magnitude_error,False,False,0.9999999364252246,0.708093000399854,True,3
2hop_fractions_0034,baseline,2,wrong_percentage_base,False,False,0.999472607029062,0.4997363212334746,True,0
2hop_fractions_0034,reprompt,2,wrong_percentage_base,False,False,0.999472607029062,0.4997363212334746,True,1
2hop_fractions_0034,replace_prior,2,wrong_percentage_base,False,False,0.999982515949618,0.4999912756937525,True,1
2hop_fractions_0034,branch_and_pick,2,wrong_percentage_base,False,False,0.9999999986509832,0.5000000170444352,True,1
4hop_multi_stage_geometry_4_0004,baseline,4,wrong_percentage_base,True,False,0.9999509347220726,0.7266230556501527,True,0
4hop_multi_stage_geometry_4_0004,reprompt,4,wrong_percentage_base,False,False,0.9999509347220726,0.7266230556501527,True,3
4hop_multi_stage_geometry_4_0004,replace_prior,4,wrong_percentage_base,False,False,0.9999999999995351,0.7499972813183495,True,3
4hop_multi_stage_geometry_4_0004,branch_and_pick,4,wrong_percentage_base,True,False,0.9999998881066042,0.4993985151494226,True,3
4hop_multi_stage_allocation_0011,baseline,4,wrong_operator,True,False,0.9999998158106996,0.748393194979963,True,0
4hop_multi_stage_allocation_0011,reprompt,4,wrong_operator,False,False,0.9999998158106996,0.748393194979963,True,3
4hop_multi_stage_allocation_0011,replace_prior,4,wrong_operator,False,False,0.9999999999260738,0.7499904764196152,True,3
4hop_multi_stage_allocation_0011,branch_and_pick,4,wrong_operator,False,False,0.999997245900378,0.4968334175927423,True,3
4hop_compound_interest_0016,baseline,4,wrong_operator,False,False,0.999999998813536,0.7492302359779484,True,0
4hop_compound_interest_0016,reprompt,4,wrong_operator,False,False,0.999999998813536,0.7492302359779484,True,3
4hop_compound_interest_0016,replace_prior,4,wrong_operator,False,False,0.9999954091698662,0.443496003163337,True,3
4hop_compound_interest_0016,branch_and_pick,4,wrong_operator,False,False,0.999999048063636,0.7418346092885841,True,3
2hop_counting_0001,baseline,2,wrong_operator,False,False,0.9997074497876154,0.4998537530409466,True,0
2hop_counting_0001,reprompt,2,wrong_operator,False,False,0.9997074497876154,0.4998537530409466,True,1
2hop_counting_0001,replace_prior,2,wrong_operator,False,False,0.9999998930081768,0.4999999746512272,True,1
2hop_counting_0001,branch_and_pick,2,wrong_operator,False,False,0.9999999999233024,0.5000000281087901,True,1
2hop_percentage_0046,baseline,2,wrong_operator,False,False,0.9903670663315454,0.4951835334026614,True,0
2hop_percentage_0046,reprompt,2,wrong_operator,False,False,0.9903670663315454,0.4951835334026614,True,1
2hop_percentage_0046,replace_prior,2,wrong_operator,False,False,0.9999054305458248,0.4999527155098012,True,1
2hop_percentage_0046,branch_and_pick,2,wrong_operator,False,False,0.9999967897844692,0.4999983951291234,True,1
3hop_percentage_chain_0043,baseline,3,magnitude_error,False,False,0.9999999263705224,0.6665666872016593,True,0
3hop_percentage_chain_0043,reprompt,3,magnitude_error,False,False,0.9999999263705224,0.6665666872016593,True,2
3hop_percentage_chain_0043,replace_prior,3,magnitude_error,False,False,0.9999899543247964,0.6666537835197442,True,2
3hop_percentage_chain_0043,branch_and_pick,3,magnitude_error,False,False,0.9999997441820336,0.6666599865075464,True,2
2hop_counting_0015,baseline,2,off_by_one,False,False,0.951865810912621,0.4759329213915759,True,0
2hop_counting_0015,reprompt,2,off_by_one,False,False,0.951865810912621,0.4759329213915759,True,1
2hop_counting_0015,replace_prior,2,off_by_one,False,False,0.9922024739400912,0.4961012529053111,True,1
2hop_counting_0015,branch_and_pick,2,off_by_one,False,False,0.9999999974846135,0.5000000146775723,True,1
2hop_fractions_0026,baseline,2,wrong_operator,True,False,0.9978674963316596,0.4989338013542022,True,0
2hop_fractions_0026,reprompt,2,wrong_operator,False,False,0.9978674963316596,0.4989338013542022,True,1
2hop_fractions_0026,replace_prior,2,wrong_operator,False,False,0.9789860775236738,0.4894930919502093,True,1
2hop_fractions_0026,branch_and_pick,2,wrong_operator,False,False,0.999999336195678,0.4999997212862114,True,1
4hop_multi_stage_allocation_0016,baseline,4,wrong_operator,False,False,0.9999999562617649,0.7493379211405818,True,0
4hop_multi_stage_allocation_0016,reprompt,4,wrong_operator,False,False,0.9999999562617649,0.7493379211405818,True,3
4hop_multi_stage_allocation_0016,replace_prior,4,wrong_operator,False,False,1.0,0.7499999993163998,True,3
4hop_multi_stage_allocation_0016,branch_and_pick,4,wrong_operator,False,False,0.9998984273164844,0.5089008560217582,True,3
2hop_arithmetic_0021,baseline,2,wrong_operator,False,False,0.9884423669877752,0.4942211841096542,True,0
2hop_arithmetic_0021,reprompt,2,wrong_operator,False,False,0.9884423669877752,0.4942211841096542,True,1
2hop_arithmetic_0021,replace_prior,2,wrong_operator,False,False,0.999999996564237,0.4999999988978851,True,1
2hop_arithmetic_0021,branch_and_pick,2,wrong_operator,False,False,0.9999666969471273,0.4999833490893302,True,1
2hop_fractions_0022,baseline,2,wrong_unit,False,False,0.9830531466609022,0.4915265790361295,True,0
2hop_fractions_0022,reprompt,2,wrong_unit,False,False,0.9830531466609022,0.4915265790361295,True,1
2hop_fractions_0022,replace_prior,2,wrong_unit,False,False,0.9999963148500796,0.4999981631307182,True,1
2hop_fractions_0022,branch_and_pick,2,wrong_unit,False,False,0.9999987893916412,0.499999400401499,True,1
3hop_compound_rate_0002,baseline,3,wrong_unit,False,False,0.9999996156551744,0.6666481494258404,True,0
3hop_compound_rate_0002,reprompt,3,wrong_unit,False,False,0.9999996156551744,0.6666481494258404,True,2
3hop_compound_rate_0002,replace_prior,3,wrong_unit,False,False,0.9999993496361964,0.6664128698850659,True,2
3hop_compound_rate_0002,branch_and_pick,3,wrong_unit,False,False,0.9999805164287572,0.6659309389155813,True,2
2hop_counting_0021,baseline,2,wrong_operator,False,False,0.9991412102789754,0.4995707426682723,True,0
2hop_counting_0021,reprompt,2,wrong_operator,False,False,0.9991412102789754,0.4995707426682723,True,1
2hop_counting_0021,replace_prior,2,wrong_operator,False,False,0.9968919279552964,0.4984461015064328,True,1
2hop_counting_0021,branch_and_pick,2,wrong_operator,False,False,0.9999999999823465,0.5000001375199578,True,1
4hop_multi_stage_allocation_0009,baseline,4,wrong_percentage_base,False,False,0.9999998588037184,0.7419988207261394,True,0
4hop_multi_stage_allocation_0009,reprompt,4,wrong_percentage_base,False,False,0.9999998588037184,0.7419988207261394,True,3
4hop_multi_stage_allocation_0009,replace_prior,4,wrong_percentage_base,False,False,0.999999999993776,0.7499983618714979,True,3
4hop_multi_stage_allocation_0009,branch_and_pick,4,wrong_percentage_base,False,False,0.9999693072845112,0.741446393636839,True,3
2hop_fractions_0036,baseline,2,wrong_operator,False,False,0.9765164743929824,0.488258240780172,True,0
2hop_fractions_0036,reprompt,2,wrong_operator,False,False,0.9765164743929824,0.488258240780172,True,1
2hop_fractions_0036,replace_prior,2,wrong_operator,False,False,0.9999455897587212,0.4999727984630414,True,1
2hop_fractions_0036,branch_and_pick,2,wrong_operator,False,False,0.9999999945111592,0.5000000008392604,True,1
4hop_nested_fractions_0006,baseline,4,wrong_operator,True,False,0.999999999976761,0.7500002263750931,True,0
4hop_nested_fractions_0006,reprompt,4,wrong_operator,False,False,0.999999999976761,0.7500002263750931,True,3
4hop_nested_fractions_0006,replace_prior,4,wrong_operator,False,False,0.9999999736708988,0.749999512840447,True,3
4hop_nested_fractions_0006,branch_and_pick,4,wrong_operator,False,False,0.9999999870708364,0.7102223841370459,True,3
3hop_multi_stage_geometry_0005,baseline,3,off_by_one,False,False,0.9910600126688068,0.6545528027147217,True,0
3hop_multi_stage_geometry_0005,reprompt,3,off_by_one,False,False,0.9910600126688068,0.6545528027147217,True,2
3hop_multi_stage_geometry_0005,replace_prior,3,off_by_one,False,False,0.9999999996282,0.6666665774361952,True,2
3hop_multi_stage_geometry_0005,branch_and_pick,3,off_by_one,False,False,0.9999999995950596,0.6666574117997864,True,2
3hop_multi_stage_geometry_0027,baseline,3,wrong_unit,False,False,0.9983555575475328,0.6449297478711358,True,0
3hop_multi_stage_geometry_0027,reprompt,3,wrong_unit,False,False,0.9983555575475328,0.6449297478711358,True,2
3hop_multi_stage_geometry_0027,replace_prior,3,wrong_unit,False,False,0.9999999999929994,0.6666659867613917,True,2
3hop_multi_stage_geometry_0027,branch_and_pick,3,wrong_unit,False,False,0.9999874757597706,0.6666484524674959,True,2
3hop_percentage_chain_0001,baseline,3,wrong_operator,False,False,0.9999995689123662,0.6666147023541171,True,0
3hop_percentage_chain_0001,reprompt,3,wrong_operator,False,False,0.9999995689123662,0.6666147023541171,True,2
3hop_percentage_chain_0001,replace_prior,3,wrong_operator,False,False,0.9999994648573572,0.6666661993504862,True,2
3hop_percentage_chain_0001,branch_and_pick,3,wrong_operator,False,False,0.9999999516084932,0.6532084254902467,True,2
4hop_compound_interest_0011,baseline,4,wrong_operator,False,False,0.99999999999228,0.7499848903290278,True,0
4hop_compound_interest_0011,reprompt,4,wrong_operator,False,False,0.99999999999228,0.7499848903290278,True,3
4hop_compound_interest_0011,replace_prior,4,wrong_operator,False,False,0.999996373198853,0.49851896571279,True,3
4hop_compound_interest_0011,branch_and_pick,4,wrong_operator,False,False,0.9999998905075488,0.7446636127123145,True,3
2hop_rate_distance_0047,baseline,2,wrong_unit,False,False,0.9999995384469076,0.4999997705439377,True,0
2hop_rate_distance_0047,reprompt,2,wrong_unit,False,False,0.9999995384469076,0.4999997705439377,True,1
2hop_rate_distance_0047,replace_prior,2,wrong_unit,False,False,2.721138455831064e-07,1.3737740661717437e-07,False,1
2hop_rate_distance_0047,branch_and_pick,2,wrong_unit,False,False,0.9999998392320012,0.4999999209364844,True,1
planning_budget_0019,baseline,4,constraint_violation,False,False,0.4314369115815659,0.1224466205061791,False,0
planning_budget_0019,reprompt,4,constraint_violation,False,False,0.4314369115815659,0.1224466205061791,False,0
planning_budget_0019,replace_prior,4,constraint_violation,False,False,0.4314369115815659,0.1224466205061791,False,0
planning_budget_0019,branch_and_pick,4,constraint_violation,False,False,0.4314369115815659,0.1224466205061791,False,0
4hop_multi_stage_geometry_4_0000,baseline,4,off_by_one,False,False,0.9999996977819692,0.7499291322283151,True,0
4hop_multi_stage_geometry_4_0000,reprompt,4,off_by_one,False,False,0.9999996977819692,0.7499291322283151,True,3
4hop_multi_stage_geometry_4_0000,replace_prior,4,off_by_one,False,False,0.9999999999996878,0.7499998110889898,True,3
4hop_multi_stage_geometry_4_0000,branch_and_pick,4,off_by_one,True,False,0.9996654729140324,0.4994361412533998,True,3
3hop_compound_rate_0022,baseline,3,wrong_unit,False,False,0.9999998450365944,0.6666621861057601,True,0
3hop_compound_rate_0022,reprompt,3,wrong_unit,False,False,0.9999998450365944,0.6666621861057601,True,2
3hop_compound_rate_0022,replace_prior,3,wrong_unit,False,False,0.99999986498315,0.6189353124309687,True,2
3hop_compound_rate_0022,branch_and_pick,3,wrong_unit,False,False,0.9999973157500314,0.6663699112056397,True,2
3hop_multi_stage_geometry_0009,baseline,3,wrong_percentage_base,False,False,0.985205267213522,0.6084246582809986,True,0
3hop_multi_stage_geometry_0009,reprompt,3,wrong_percentage_base,False,False,0.985205267213522,0.6084246582809986,True,2
3hop_multi_stage_geometry_0009,replace_prior,3,wrong_percentage_base,False,False,0.999999972066503,0.6666647937152327,True,2
3hop_multi_stage_geometry_0009,branch_and_pick,3,wrong_percentage_base,False,False,0.9999597495887426,0.6666137726481302,True,2
3hop_percentage_chain_0048,baseline,3,magnitude_error,False,False,0.9999999976160884,0.6665629380295311,True,0
3hop_percentage_chain_0048,reprompt,3,magnitude_error,False,False,0.9999999976160884,0.6665629380295311,True,2
3hop_percentage_chain_0048,replace_prior,3,magnitude_error,False,False,0.9999996714195494,0.6666496658902572,True,2
3hop_percentage_chain_0048,branch_and_pick,3,magnitude_error,False,False,0.999999880175585,0.6666592951855806,True,2
2hop_arithmetic_0044,baseline,2,wrong_percentage_base,False,False,0.9999991755940888,0.4999995881418415,True,0
2hop_arithmetic_0044,reprompt,2,wrong_percentage_base,False,False,0.9999991755940888,0.4999995881418415,True,1
2hop_arithmetic_0044,replace_prior,2,wrong_percentage_base,False,False,0.9999999995431484,0.5000000001163712,True,1
2hop_arithmetic_0044,branch_and_pick,2,wrong_percentage_base,False,False,0.9999225143631092,0.4999612575263516,True,1
4hop_nested_fractions_0009,baseline,4,wrong_percentage_base,True,False,0.9999993334060802,0.7500009287824454,True,0
4hop_nested_fractions_0009,reprompt,4,wrong_percentage_base,False,False,0.9999993334060802,0.7500009287824454,True,3
4hop_nested_fractions_0009,replace_prior,4,wrong_percentage_base,False,False,0.9999999941225316,0.7500016379301083,True,3
4hop_nested_fractions_0009,branch_and_pick,4,wrong_percentage_base,False,False,0.9999876522107988,0.7477920250038517,True,3
2hop_counting_0007,baseline,2,wrong_unit,False,False,0.8469161733439149,0.423458131162067,True,0
2hop_counting_0007,reprompt,2,wrong_unit,False,False,0.8469161733439149,0.423458131162067,True,1
2hop_counting_0007,replace_prior,2,wrong_unit,False,False,0.9960701580475492,0.498035123513884,True,1
2hop_counting_0007,branch_and_pick,2,wrong_unit,False,False,0.99999999600898,0.5000000424945996,True,1
3hop_percentage_chain_0002,baseline,3,wrong_unit,False,False,0.9999998981743322,0.6663607223842289,True,0
3hop_percentage_chain_0002,reprompt,3,wrong_unit,False,False,0.9999998981743322,0.6663607223842289,True,2
3hop_percentage_chain_0002,replace_prior,3,wrong_unit,False,False,0.9999882890371414,0.6666528262905488,True,2
3hop_percentage_chain_0002,branch_and_pick,3,wrong_unit,False,False,0.9999998566983502,0.6623810712390289,True,2
3hop_percentage_chain_0022,baseline,3,wrong_unit,False,False,0.9999958231443644,0.6666573392128233,True,0
3hop_percentage_chain_0022,reprompt,3,wrong_unit,False,False,0.9999958231443644,0.6666573392128233,True,2
3hop_percentage_chain_0022,replace_prior,3,wrong_unit,False,False,0.9999999846572596,0.6666654137864829,True,2
3hop_percentage_chain_0022,branch_and_pick,3,wrong_unit,False,False,0.9999999995351984,0.6666667212053321,True,2
4hop_nested_fractions_0018,baseline,4,magnitude_error,True,False,0.9999999941954134,0.7499822979779349,True,0
4hop_nested_fractions_0018,reprompt,4,magnitude_error,False,False,0.9999999941954134,0.7499822979779349,True,3
4hop_nested_fractions_0018,replace_prior,4,magnitude_error,False,False,0.999999980131572,0.7499804822669063,True,3
4hop_nested_fractions_0018,branch_and_pick,4,magnitude_error,False,False,0.9999999999860992,0.7497812936046687,True,3
3hop_compound_rate_0043,baseline,3,magnitude_error,False,False,0.9999994447849402,0.6666655954675922,True,0
3hop_compound_rate_0043,reprompt,3,magnitude_error,False,False,0.9999994447849402,0.6666655954675922,True,2
3hop_compound_rate_0043,replace_prior,3,magnitude_error,False,False,0.9999999715321424,0.6666647445058097,True,2
3hop_compound_rate_0043,branch_and_pick,3,magnitude_error,False,False,0.9999996438957062,0.6640057811320419,True,2
2hop_counting_0029,baseline,2,wrong_percentage_base,False,False,0.9498052225743092,0.4749027641741551,True,0
2hop_counting_0029,reprompt,2,wrong_percentage_base,False,False,0.9498052225743092,0.4749027641741551,True,1
2hop_counting_0029,replace_prior,2,wrong_percentage_base,False,False,0.9903876509940424,0.4951939783840217,True,1
2hop_counting_0029,branch_and_pick,2,wrong_percentage_base,False,False,0.9999999834039924,0.5000001445889968,True,1
2hop_percentage_0012,baseline,2,wrong_unit,False,False,0.7638144657587235,0.3819072330458936,True,0
2hop_percentage_0012,reprompt,2,wrong_unit,False,False,0.7638144657587235,0.3819072330458936,True,1
2hop_percentage_0012,replace_prior,2,wrong_unit,False,False,0.9999999999999998,0.5000000001665317,True,1
2hop_percentage_0012,branch_and_pick,2,wrong_unit,False,False,0.9999948531284676,0.4999974267307656,True,1
2hop_arithmetic_0040,baseline,2,off_by_one,False,False,0.9942177212237446,0.4971088620387888,True,0
2hop_arithmetic_0040,reprompt,2,off_by_one,False,False,0.9942177212237446,0.4971088620387888,True,1
2hop_arithmetic_0040,replace_prior,2,off_by_one,False,False,0.9999999280834084,0.4999999654686207,True,1
2hop_arithmetic_0040,branch_and_pick,2,off_by_one,False,False,0.9998099671434556,0.4999049849986442,True,1
3hop_percentage_chain_0028,baseline,3,magnitude_error,False,False,0.9999998655433576,0.6665078981784128,True,0
3hop_percentage_chain_0028,reprompt,3,magnitude_error,False,False,0.9999998655433576,0.6665078981784128,True,2
3hop_percentage_chain_0028,replace_prior,3,magnitude_error,False,False,0.9999999379913624,0.666630597248762,True,2
3hop_percentage_chain_0028,branch_and_pick,3,magnitude_error,False,False,0.9999998552207368,0.6666657580488056,True,2
2hop_fractions_0029,baseline,2,wrong_percentage_base,False,False,0.9997455716424138,0.4998727913837394,True,0
2hop_fractions_0029,reprompt,2,wrong_percentage_base,False,False,0.9997455716424138,0.4998727913837394,True,1
2hop_fractions_0029,replace_prior,2,wrong_percentage_base,False,False,0.9999998868149566,0.4999999489700107,True,1
2hop_fractions_0029,branch_and_pick,2,wrong_percentage_base,True,False,0.999999999137306,0.5000000051311856,True,1
2hop_percentage_0004,baseline,2,wrong_percentage_base,False,False,0.990668863964322,0.4953344326058797,True,0
2hop_percentage_0004,reprompt,2,wrong_percentage_base,False,False,0.990668863964322,0.4953344326058797,True,1
2hop_percentage_0004,replace_prior,2,wrong_percentage_base,False,False,0.9999999999999772,0.5000000006237073,True,1
2hop_percentage_0004,branch_and_pick,2,wrong_percentage_base,False,False,0.9999925346542377,0.4999962679508375,True,1
3hop_multi_stage_geometry_0025,baseline,3,off_by_one,False,False,0.9999901462790276,0.6646883907990891,True,0
3hop_multi_stage_geometry_0025,reprompt,3,off_by_one,False,False,0.9999901462790276,0.6646883907990891,True,2
3hop_multi_stage_geometry_0025,replace_prior,3,off_by_one,False,False,0.9999998525828202,0.6666655471395129,True,2
3hop_multi_stage_geometry_0025,branch_and_pick,3,off_by_one,False,False,0.9999998568488968,0.6666619014722529,True,2
2hop_fractions_0009,baseline,2,wrong_percentage_base,False,False,0.996189185040032,0.498094614963927,True,0
2hop_fractions_0009,reprompt,2,wrong_percentage_base,False,False,0.996189185040032,0.498094614963927,True,1
2hop_fractions_0009,replace_prior,2,wrong_percentage_base,False,False,0.9999333152770408,0.4999666800824314,True,1
2hop_fractions_0009,branch_and_pick,2,wrong_percentage_base,False,False,0.9999999861063908,0.5000000154971064,True,1
2hop_rate_distance_0026,baseline,2,wrong_operator,True,False,1.0,0.5000000044405647,True,0
2hop_rate_distance_0026,reprompt,2,wrong_operator,False,False,1.0,0.5000000044405647,True,1
2hop_rate_distance_0026,replace_prior,2,wrong_operator,True,False,0.0058990331249507,0.0029495210030401,False,1
2hop_rate_distance_0026,branch_and_pick,2,wrong_operator,True,False,0.9999999994362704,0.5000000041586998,True,1
planning_budget_0018,baseline,4,constraint_violation,False,False,0.4314369115815659,0.1224466205061791,False,0
planning_budget_0018,reprompt,4,constraint_violation,False,False,0.4314369115815659,0.1224466205061791,False,0
planning_budget_0018,replace_prior,4,constraint_violation,False,False,0.4314369115815659,0.1224466205061791,False,0
planning_budget_0018,branch_and_pick,4,constraint_violation,False,False,0.4314369115815659,0.1224466205061791,False,0
4hop_multi_stage_allocation_0020,baseline,4,off_by_one,False,False,0.9999987598591852,0.5291642286507788,True,0
4hop_multi_stage_allocation_0020,reprompt,4,off_by_one,False,False,0.9999987598591852,0.5291642286507788,True,2
4hop_multi_stage_allocation_0020,replace_prior,4,off_by_one,False,False,0.9999999512894784,0.6017993592358822,True,2
4hop_multi_stage_allocation_0020,branch_and_pick,4,off_by_one,False,False,0.9035425054779938,0.5521251191774719,True,2
3hop_multi_stage_geometry_0000,baseline,3,off_by_one,False,False,0.935652473557715,0.6233383355595218,True,0
3hop_multi_stage_geometry_0000,reprompt,3,off_by_one,False,False,0.935652473557715,0.6233383355595218,True,2
3hop_multi_stage_geometry_0000,replace_prior,3,off_by_one,False,False,0.999999926257724,0.6666663126666045,True,2
3hop_multi_stage_geometry_0000,branch_and_pick,3,off_by_one,False,False,0.9999435255378468,0.6660207591418633,True,2
2hop_rate_distance_0011,baseline,2,wrong_operator,False,False,0.9999999665475492,0.4999999890599759,True,0
2hop_rate_distance_0011,reprompt,2,wrong_operator,False,False,0.9999999665475492,0.4999999890599759,True,1
2hop_rate_distance_0011,replace_prior,2,wrong_operator,False,False,8.865921767754494e-07,4.490822897640064e-07,False,1
2hop_rate_distance_0011,branch_and_pick,2,wrong_operator,False,False,0.9999999760085078,0.4999999937904552,True,1
2hop_percentage_0000,baseline,2,off_by_one,False,False,0.9984697482577723,0.4992348749773735,True,0
2hop_percentage_0000,reprompt,2,off_by_one,False,False,0.9984697482577723,0.4992348749773735,True,1
2hop_percentage_0000,replace_prior,2,off_by_one,False,False,0.9999999999999998,0.5000000008484873,True,1
2hop_percentage_0000,branch_and_pick,2,off_by_one,False,False,0.9999638286238416,0.4999819151604081,True,1
2hop_arithmetic_0034,baseline,2,wrong_percentage_base,False,False,0.9997934053928064,0.4998967029410815,True,0
2hop_arithmetic_0034,reprompt,2,wrong_percentage_base,False,False,0.9997934053928064,0.4998967029410815,True,1
2hop_arithmetic_0034,replace_prior,2,wrong_percentage_base,False,False,0.9999993885680968,0.4999996945287268,True,1
2hop_arithmetic_0034,branch_and_pick,2,wrong_percentage_base,False,False,0.9996569047639682,0.4998284526266625,True,1
3hop_percentage_chain_0006,baseline,3,wrong_operator,False,False,0.999999990081454,0.6663721381081723,True,0
3hop_percentage_chain_0006,reprompt,3,wrong_operator,False,False,0.999999990081454,0.6663721381081723,True,2
3hop_percentage_chain_0006,replace_prior,3,wrong_operator,False,False,0.999999999524458,0.6666667155209632,True,2
3hop_percentage_chain_0006,branch_and_pick,3,wrong_operator,False,False,0.9999998288688594,0.6666665725383122,True,2
2hop_fractions_0048,baseline,2,magnitude_error,False,False,0.999999646022054,0.4999998347403823,True,0
2hop_fractions_0048,reprompt,2,magnitude_error,False,False,0.999999646022054,0.4999998347403823,True,1
2hop_fractions_0048,replace_prior,2,magnitude_error,False,False,0.9999995316214614,0.4999997775400859,True,1
2hop_fractions_0048,branch_and_pick,2,magnitude_error,False,False,0.999999999499222,0.5000000114789663,True,1
4hop_compound_interest_0002,baseline,4,wrong_unit,False,False,0.9999999988994182,0.7496547591791599,True,0
4hop_compound_interest_0002,reprompt,4,wrong_unit,False,False,0.9999999988994182,0.7496547591791599,True,3
4hop_compound_interest_0002,replace_prior,4,wrong_unit,False,False,0.9999727700685674,0.2614569018051444,True,3
4hop_compound_interest_0002,branch_and_pick,4,wrong_unit,False,False,0.9999999566227166,0.7148490876488982,True,3
4hop_multi_stage_allocation_0006,baseline,4,wrong_operator,False,False,0.9999999956385286,0.7469257086599165,True,0
4hop_multi_stage_allocation_0006,reprompt,4,wrong_operator,False,False,0.9999999956385286,0.7469257086599165,True,3
4hop_multi_stage_allocation_0006,replace_prior,4,wrong_operator,False,False,0.9999999962282982,0.744658128687969,True,3
4hop_multi_stage_allocation_0006,branch_and_pick,4,wrong_operator,False,False,0.9999999844097354,0.2504093826508139,True,3
3hop_percentage_chain_0020,baseline,3,off_by_one,False,False,0.9999999994595404,0.6459779142554306,True,0
3hop_percentage_chain_0020,reprompt,3,off_by_one,False,False,0.9999999994595404,0.6459779142554306,True,2
3hop_percentage_chain_0020,replace_prior,3,off_by_one,False,False,0.999999998309802,0.6666418705418217,True,2
3hop_percentage_chain_0020,branch_and_pick,3,off_by_one,False,False,0.9999999661579602,0.6600683506428211,True,2
3hop_compound_rate_0026,baseline,3,wrong_operator,False,False,0.9999999717386842,0.6666646239011244,True,0
3hop_compound_rate_0026,reprompt,3,wrong_operator,False,False,0.9999999717386842,0.6666646239011244,True,2
3hop_compound_rate_0026,replace_prior,3,wrong_operator,False,False,0.9999999987717076,0.6666666131899328,True,2
3hop_compound_rate_0026,branch_and_pick,3,wrong_operator,False,False,0.9999998281540126,0.6536858209710664,True,2
2hop_percentage_0031,baseline,2,wrong_operator,False,False,0.9989139715078944,0.4994569863118876,True,0
2hop_percentage_0031,reprompt,2,wrong_operator,False,False,0.9989139715078944,0.4994569863118876,True,1
2hop_percentage_0031,replace_prior,2,wrong_operator,False,False,0.9999999999999868,0.5000000005579339,True,1
2hop_percentage_0031,branch_and_pick,2,wrong_operator,False,False,0.9999543300930182,0.4999771656044495,True,1
2hop_rate_distance_0035,baseline,2,off_by_one,True,False,0.991476831723168,0.4957384182847335,True,0
2hop_rate_distance_0035,reprompt,2,off_by_one,False,False,0.991476831723168,0.4957384182847335,True,1
2hop_rate_distance_0035,replace_prior,2,off_by_one,True,False,1.1395903435130421e-07,5.940266667394123e-08,False,1
2hop_rate_distance_0035,branch_and_pick,2,off_by_one,True,False,0.9999999993485784,0.5000000020974387,True,1
2hop_rate_distance_0003,baseline,2,magnitude_error,False,False,0.4267238811257311,0.2133619421467226,False,0
2hop_rate_distance_0003,reprompt,2,magnitude_error,False,False,0.4267238811257311,0.2133619421467226,False,0
2hop_rate_distance_0003,replace_prior,2,magnitude_error,False,False,0.4267238811257311,0.2133619421467226,False,0
2hop_rate_distance_0003,branch_and_pick,2,magnitude_error,False,False,0.4267238811257311,0.2133619421467226,False,0
3hop_percentage_chain_0030,baseline,3,off_by_one,False,False,0.9999999672886644,0.6663520430051467,True,0
3hop_percentage_chain_0030,reprompt,3,off_by_one,False,False,0.9999999672886644,0.6663520430051467,True,2
3hop_percentage_chain_0030,replace_prior,3,off_by_one,False,False,0.9999999878822656,0.6666666851848878,True,2
3hop_percentage_chain_0030,branch_and_pick,3,off_by_one,False,False,0.9999999503988548,0.6666666247460323,True,2
3hop_multi_stage_geometry_0022,baseline,3,wrong_unit,False,False,0.9978170422200848,0.6549701835564944,True,0
3hop_multi_stage_geometry_0022,reprompt,3,wrong_unit,False,False,0.9978170422200848,0.6549701835564944,True,2
3hop_multi_stage_geometry_0022,replace_prior,3,wrong_unit,False,False,0.9999982112296468,0.6666472456850929,True,2
3hop_multi_stage_geometry_0022,branch_and_pick,3,wrong_unit,False,False,0.99998419479725,0.6598345639362139,True,2
2hop_arithmetic_0000,baseline,2,off_by_one,False,False,0.0004619291750009,0.0002309662672831,False,0
2hop_arithmetic_0000,reprompt,2,off_by_one,False,False,0.0004619291750009,0.0002309662672831,False,0
2hop_arithmetic_0000,replace_prior,2,off_by_one,False,False,0.0004619291750009,0.0002309662672831,False,0
2hop_arithmetic_0000,branch_and_pick,2,off_by_one,False,False,0.0004619291750009,0.0002309662672831,False,0
4hop_compound_interest_0013,baseline,4,magnitude_error,False,False,0.999999999449526,0.7378010758105933,True,0
4hop_compound_interest_0013,reprompt,4,magnitude_error,False,False,0.999999999449526,0.7378010758105933,True,3
4hop_compound_interest_0013,replace_prior,4,magnitude_error,False,False,0.9999675108626552,0.2770442762084326,True,3
4hop_compound_interest_0013,branch_and_pick,4,magnitude_error,False,False,0.9999999016271964,0.7030451700418348,True,3
4hop_compound_interest_0012,baseline,4,wrong_unit,False,False,0.9999999892823968,0.7167045241343892,True,0
4hop_compound_interest_0012,reprompt,4,wrong_unit,False,False,0.9999999892823968,0.7167045241343892,True,3
4hop_compound_interest_0012,replace_prior,4,wrong_unit,False,False,0.9999968413589898,0.5004717246745822,True,3
4hop_compound_interest_0012,branch_and_pick,4,wrong_unit,False,False,0.999999974116384,0.7436390918331865,True,3
3hop_compound_rate_0027,baseline,3,wrong_unit,False,False,0.9999997651486976,0.666660436145056,True,0
3hop_compound_rate_0027,reprompt,3,wrong_unit,False,False,0.9999997651486976,0.666660436145056,True,2
3hop_compound_rate_0027,replace_prior,3,wrong_unit,False,False,0.9999999983580232,0.6666663225546418,True,2
3hop_compound_rate_0027,branch_and_pick,3,wrong_unit,False,False,0.9999940696634828,0.6582702425886645,True,2
4hop_multi_stage_geometry_4_0007,baseline,4,wrong_unit,True,False,0.999808522024089,0.7398908374196385,True,0
4hop_multi_stage_geometry_4_0007,reprompt,4,wrong_unit,False,False,0.999808522024089,0.7398908374196385,True,3
4hop_multi_stage_geometry_4_0007,replace_prior,4,wrong_unit,False,False,0.9999999999963234,0.749998001090542,True,3
4hop_multi_stage_geometry_4_0007,branch_and_pick,4,wrong_unit,True,False,0.9996420092469872,0.4987947528446544,True,3
2hop_percentage_0041,baseline,2,wrong_operator,False,False,0.9891930453924026,0.4945965229486767,True,0
2hop_percentage_0041,reprompt,2,wrong_operator,False,False,0.9891930453924026,0.4945965229486767,True,1
2hop_percentage_0041,replace_prior,2,wrong_operator,False,False,0.9995118834938392,0.499755941999395,True,1
2hop_percentage_0041,branch_and_pick,2,wrong_operator,False,False,0.9989973584278092,0.4994986794663801,True,1
3hop_compound_rate_0037,baseline,3,wrong_unit,False,False,0.9999999297658833,0.6666666888199434,True,0
3hop_compound_rate_0037,reprompt,3,wrong_unit,False,False,0.9999999297658833,0.6666666888199434,True,2
3hop_compound_rate_0037,replace_prior,3,wrong_unit,False,False,0.999999978148276,0.6666631481106785,True,2
3hop_compound_rate_0037,branch_and_pick,3,wrong_unit,False,False,0.9999913730322412,0.664208422399205,True,2
planning_budget_0003,baseline,4,constraint_violation,False,False,0.4314369115815659,0.1224466205061791,False,0
planning_budget_0003,reprompt,4,constraint_violation,False,False,0.4314369115815659,0.1224466205061791,False,0
planning_budget_0003,replace_prior,4,constraint_violation,False,False,0.4314369115815659,0.1224466205061791,False,0
planning_budget_0003,branch_and_pick,4,constraint_violation,False,False,0.4314369115815659,0.1224466205061791,False,0
2hop_arithmetic_0046,baseline,2,wrong_operator,False,False,0.9902689164102492,0.4951344583456929,True,0
2hop_arithmetic_0046,reprompt,2,wrong_operator,False,False,0.9902689164102492,0.4951344583456929,True,1
2hop_arithmetic_0046,replace_prior,2,wrong_operator,False,False,0.99999876216029,0.4999993812207134,True,1
2hop_arithmetic_0046,branch_and_pick,2,wrong_operator,False,False,0.9999291978497312,0.499964599065434,True,1
3hop_compound_rate_0023,baseline,3,magnitude_error,False,False,0.9999992026504724,0.6666659985423349,True,0
3hop_compound_rate_0023,reprompt,3,magnitude_error,False,False,0.9999992026504724,0.6666659985423349,True,2
3hop_compound_rate_0023,replace_prior,3,magnitude_error,False,False,0.999999867602044,0.6666032340087574,True,2
3hop_compound_rate_0023,branch_and_pick,3,magnitude_error,False,False,0.9999960534787232,0.6628667505430758,True,2
4hop_multi_stage_allocation_0001,baseline,4,wrong_operator,False,False,0.9999999510373888,0.7397153930901073,True,0
4hop_multi_stage_allocation_0001,reprompt,4,wrong_operator,False,False,0.9999999510373888,0.7397153930901073,True,3
4hop_multi_stage_allocation_0001,replace_prior,4,wrong_operator,False,False,0.9999999999998096,0.7499996002994838,True,3
4hop_multi_stage_allocation_0001,branch_and_pick,4,wrong_operator,False,False,0.9999980357583892,0.3438863814680977,True,3
3hop_compound_rate_0004,baseline,3,wrong_percentage_base,False,False,0.9999999868021164,0.6666664681498813,True,0
3hop_compound_rate_0004,reprompt,3,wrong_percentage_base,False,False,0.9999999868021164,0.6666664681498813,True,2
3hop_compound_rate_0004,replace_prior,3,wrong_percentage_base,False,False,0.9999999762271068,0.6666578097342897,True,2
3hop_compound_rate_0004,branch_and_pick,3,wrong_percentage_base,False,False,0.9999999343655098,0.6664074568148529,True,2
3hop_multi_stage_geometry_0008,baseline,3,magnitude_error,False,False,0.9582509085880764,0.6096292851666206,True,0
3hop_multi_stage_geometry_0008,reprompt,3,magnitude_error,False,False,0.9582509085880764,0.6096292851666206,True,2
3hop_multi_stage_geometry_0008,replace_prior,3,magnitude_error,False,False,0.9999999012526002,0.6666664057910291,True,2
3hop_multi_stage_geometry_0008,branch_and_pick,3,magnitude_error,False,False,0.9999999934754092,0.6666400105254159,True,2
2hop_counting_0013,baseline,2,magnitude_error,False,False,0.9948018069655592,0.4974009939647296,True,0
2hop_counting_0013,reprompt,2,magnitude_error,False,False,0.9948018069655592,0.4974009939647296,True,1
2hop_counting_0013,replace_prior,2,magnitude_error,False,False,0.9999999999561175,0.5000000904600088,True,1
2hop_counting_0013,branch_and_pick,2,magnitude_error,False,False,0.9999999941027876,0.5000000875333439,True,1
2hop_counting_0038,baseline,2,magnitude_error,False,False,0.4701755822828304,0.2350877996095649,False,0
2hop_counting_0038,reprompt,2,magnitude_error,False,False,0.4701755822828304,0.2350877996095649,False,0
2hop_counting_0038,replace_prior,2,magnitude_error,False,False,0.4701755822828304,0.2350877996095649,False,0
2hop_counting_0038,branch_and_pick,2,magnitude_error,False,False,0.4701755822828304,0.2350877996095649,False,0
2hop_fractions_0035,baseline,2,off_by_one,False,False,0.9718697411802768,0.4859348804287031,True,0
2hop_fractions_0035,reprompt,2,off_by_one,False,False,0.9718697411802768,0.4859348804287031,True,1
2hop_fractions_0035,replace_prior,2,off_by_one,False,False,0.9999789495630604,0.4999894846200949,True,1
2hop_fractions_0035,branch_and_pick,2,off_by_one,False,False,0.9999997599700038,0.4999998898235666,True,1
2hop_fractions_0020,baseline,2,off_by_one,False,False,0.9965118611046548,0.4982559365220912,True,0
2hop_fractions_0020,reprompt,2,off_by_one,False,False,0.9965118611046548,0.4982559365220912,True,1
2hop_fractions_0020,replace_prior,2,off_by_one,False,False,0.9999865655771848,0.4999932887583562,True,1
2hop_fractions_0020,branch_and_pick,2,off_by_one,False,False,0.9999999999154046,0.5000000059274662,True,1
4hop_multi_stage_geometry_4_0016,baseline,4,wrong_operator,True,False,0.9999999687483532,0.7488432719027736,True,0
4hop_multi_stage_geometry_4_0016,reprompt,4,wrong_operator,False,False,0.9999999687483532,0.7488432719027736,True,3
4hop_multi_stage_geometry_4_0016,replace_prior,4,wrong_operator,False,False,0.9999999999997085,0.7499993601885402,True,3
4hop_multi_stage_geometry_4_0016,branch_and_pick,4,wrong_operator,True,False,0.9991687615145052,0.4995679992742747,True,3
2hop_arithmetic_0018,baseline,2,magnitude_error,False,False,0.9999872123342934,0.4999936063078022,True,0
2hop_arithmetic_0018,reprompt,2,magnitude_error,False,False,0.9999872123342934,0.4999936063078022,True,1
2hop_arithmetic_0018,replace_prior,2,magnitude_error,False,False,0.9999960920169164,0.4999980461491137,True,1
2hop_arithmetic_0018,branch_and_pick,2,magnitude_error,False,False,0.999956690859554,0.4999783455704324,True,1
3hop_multi_stage_geometry_0033,baseline,3,magnitude_error,False,False,0.997091183283577,0.6612662186049093,True,0
3hop_multi_stage_geometry_0033,reprompt,3,magnitude_error,False,False,0.997091183283577,0.6612662186049093,True,2
3hop_multi_stage_geometry_0033,replace_prior,3,magnitude_error,False,False,0.999995813738981,0.6666619695831185,True,2
3hop_multi_stage_geometry_0033,branch_and_pick,3,magnitude_error,False,False,0.9999595139803016,0.5745404080709882,True,2
4hop_compound_interest_0010,baseline,4,off_by_one,False,False,0.9999999992124768,0.7136279005987178,True,0
4hop_compound_interest_0010,reprompt,4,off_by_one,False,False,0.9999999992124768,0.7136279005987178,True,3
4hop_compound_interest_0010,replace_prior,4,off_by_one,False,False,0.9999975056497864,0.5103920191609232,True,3
4hop_compound_interest_0010,branch_and_pick,4,off_by_one,False,False,0.9999995322438492,0.743917990765941,True,3
4hop_multi_stage_allocation_0019,baseline,4,wrong_percentage_base,False,False,0.9999998233510692,0.7414906291432333,True,0
4hop_multi_stage_allocation_0019,reprompt,4,wrong_percentage_base,False,False,0.9999998233510692,0.7414906291432333,True,3
4hop_multi_stage_allocation_0019,replace_prior,4,wrong_percentage_base,False,False,0.9999999999872043,0.7499996755242411,True,3
4hop_multi_stage_allocation_0019,branch_and_pick,4,wrong_percentage_base,False,False,0.9999901397797606,0.5620064060045201,True,3
