base_id,condition,label,hop_depth,error_type,peak_entropy,mean_entropy,early_entropy,min_confidence,mean_vocab_gap,logprob_uncertainty,hedged,hedge_count,overconfident,overconf_count,verbalized_conf,is_absurd,final_correct_clean,final_correct_error,final_degraded,prompt_len,n_tokens_gen,generated_text
planning_budget_0002,clean,0,4,,0.267578125,0.030267275869846344,0.030267275869846344,0.92578125,0.9863363814074546,0.007196836286667586,False,0,False,0,,False,False,False,False,127,14,"Thinking Process:

1.  **Analyze the Request:**
"
planning_budget_0002,error_standard,1,4,constraint_violation,0.267578125,0.030267275869846344,0.030267275869846344,0.92578125,0.9863363814074546,0.007196836286667586,False,0,False,0,,False,False,False,False,127,14,"Thinking Process:

1.  **Analyze the Request:**
"
planning_budget_0002,error_verbalized,1,4,constraint_violation,0.5859375,0.09000688471964427,0.09000688471964427,0.73046875,0.9359200045333377,0.03748251411433951,False,0,False,0,,False,False,False,False,194,14,"Thinking Process:

1.  **Analyze the Request:**
"
2hop_fractions_0039,clean,0,2,,0.69140625,0.05419350096157619,0.05419350096157619,0.5,0.9276017285883427,0.050069641371586995,False,0,False,0,,False,False,False,False,109,14,"Thinking Process:

1.  **Analyze the Request:**
"
2hop_fractions_0039,error_standard,1,2,wrong_percentage_base,0.5078125,0.043120737586702616,0.043120737586702616,0.796875,0.9698973908421716,0.016778616292597998,False,0,False,0,,False,False,False,False,111,14,"Thinking Process:

1.  **Analyze the Request:**
"
2hop_fractions_0039,error_verbalized,1,2,wrong_percentage_base,0.69140625,0.07247149092810494,0.07247149092810494,0.5,0.9222692549228668,0.053793311368570365,False,0,False,0,,False,False,False,False,178,14,"Thinking Process:

1.  **Analyze the Request:**
"
2hop_fractions_0032,clean,0,2,,0.69140625,0.056445154760565074,0.056445154760565074,0.5,0.9271395799504327,0.05035030409586482,False,0,False,0,,False,False,False,False,106,14,"Thinking Process:

1.  **Analyze the Request:**
"
2hop_fractions_0032,error_standard,1,2,wrong_unit,0.53125,0.04682164905326707,0.04682164905326707,0.77734375,0.9662692215227123,0.019112462487732046,False,0,False,0,,False,False,False,False,108,14,"Thinking Process:

1.  **Analyze the Request:**
"
2hop_fractions_0032,error_verbalized,1,2,wrong_unit,0.69140625,0.06820995147739138,0.06820995147739138,0.5,0.923838986516265,0.05261806826119198,False,0,False,0,,False,False,False,False,175,14,"Thinking Process:

1.  **Analyze the Request:**
"
3hop_multi_stage_geometry_0006,clean,0,3,,1.75,0.3958458556014983,0.08269743174314499,0.3671875,0.7640290474404626,0.18330808100601287,False,0,False,0,,False,False,False,False,132,61,"Thinking Process:

1.  **Analyze the Request:** The user is presenting a multi-step math problem. They have provided ""Step 1"" (Question and Answer) and now are asking for ""Step 2"". The goal is to continue the reasoning process to solve the original problem.

"
3hop_multi_stage_geometry_0006,error_standard,1,3,wrong_operator,0.60546875,0.04946915033672537,0.04946915033672537,0.70703125,0.9565267325961031,0.02560267785684992,False,0,False,0,,False,False,False,False,130,14,"Thinking Process:

1.  **Analyze the Request:**
"
3hop_multi_stage_geometry_0006,error_verbalized,1,3,wrong_operator,1.546875,0.3303809561939151,0.07512719407677651,0.314453125,0.7823913377080182,0.17304600807867734,False,0,False,0,,False,False,False,False,197,108,"Thinking Process:

1.  **Analyze the Request:** The user is presenting a multi-step math problem. I need to solve Step 2 based on the context provided in Step 1 (even though Step 1's answer was incorrect, I need to address the current step logically based on the problem statement). The user asks for the area already covered by the 21 existing tiles. I also need to output my confidence in the format `Confidence: N/10` on its own line after the answer.

"
4hop_multi_stage_allocation_0017,clean,0,4,,1.859375,0.28194091959467416,0.06921003460884094,0.228515625,0.8295504425599275,0.14353344129855938,False,0,False,0,,False,False,False,False,145,79,"Thinking Process:

1.  **Analyze the Request:** The user is presenting a multi-step math problem (Step 1, Step 2, etc.) and wants me to continue the process. Specifically, they are asking for the result of Step 2: ""How much remains after spending 30% of the remainder on equipment?"" based on the previous step's result.

"
4hop_multi_stage_allocation_0017,error_standard,1,4,wrong_unit,0.6484375,0.05114622626985822,0.05114622626985822,0.65234375,0.9491364876739681,0.031073343537416663,False,0,False,0,,False,False,False,False,144,14,"Thinking Process:

1.  **Analyze the Request:**
"
4hop_multi_stage_allocation_0017,error_verbalized,1,4,wrong_unit,1.6640625,0.31717576355569893,0.0912942685186863,0.330078125,0.8022311533212714,0.1466860450155134,False,0,False,0,,False,False,False,False,211,72,"Thinking Process:

1.  **Analyze the Request:** The user is presenting a multi-step math problem. I need to solve Step 2 based on the previous step's output (even though the previous step's output was incorrect). I need to provide the answer and then state my confidence in the format ""Confidence: N/10"".

"
3hop_compound_rate_0007,clean,0,3,,1.359375,0.20522498396726754,0.06844342648983001,0.423828125,0.8692291893458997,0.09864154771914246,False,0,False,0,,False,False,False,False,154,65,"Thinking Process:

1.  **Analyze the Request:** The user is presenting a multi-step math problem about a tram's journey. They have already provided Step 1 (calculating the time for the first leg) and now they are asking for Step 2 (calculating the time for the second leg).

"
3hop_compound_rate_0007,error_standard,1,3,wrong_unit,1.90625,0.2708601168332956,0.08157407939434051,0.3125,0.8234724626422693,0.1404854886353208,False,0,False,0,,False,False,False,False,145,78,"Thinking Process:

1.  **Analyze the Request:** The user is presenting a multi-step math problem about a tram's journey. They have already provided ""Step 1"" (calculating the time for the first leg) and now are asking for ""Step 2"" (calculating the time for the second leg). The goal is to answer Step 2 specifically.

"
3hop_compound_rate_0007,error_verbalized,1,3,wrong_unit,1.15625,0.17263339166070374,0.10879995375871658,0.453125,0.8721109402700472,0.08534969926572114,False,0,False,0,,False,False,False,False,212,71,"Thinking Process:

1.  **Analyze the Request:** The user is presenting a multi-step math problem. I need to solve Step 2, which asks for the duration of the second leg of the trip in minutes. After providing the answer, I must state my confidence level in the specific format ""Confidence: N/10"".

"
2hop_fractions_0005,clean,0,2,,0.6875,0.0556370062487466,0.0556370062487466,0.5625,0.9360712654556015,0.041937230120408855,False,0,False,0,,False,False,False,False,109,14,"Thinking Process:

1.  **Analyze the Request:**
"
2hop_fractions_0005,error_standard,1,2,off_by_one,0.4765625,0.04188804967062814,0.04188804967062814,0.81640625,0.9720047114283911,0.015610360541995003,False,0,False,0,,False,False,False,False,109,14,"Thinking Process:

1.  **Analyze the Request:**
"
2hop_fractions_0005,error_verbalized,1,2,off_by_one,0.6640625,0.06994823259966713,0.06994823259966713,0.62109375,0.9396667104280952,0.03833241094630274,False,0,False,0,,False,False,False,False,176,14,"Thinking Process:

1.  **Analyze the Request:**
"
4hop_nested_fractions_0019,clean,0,4,,1.5234375,0.25949309589499137,0.06259469985961914,0.423828125,0.8395646095189061,0.1140169498679937,False,0,False,0,,False,False,False,False,150,59,"Thinking Process:

1.  **Analyze the Request:** The user is presenting a multi-step math problem. They have already provided Step 1 (calculating widgets passing quality control) and now they are asking for Step 2 (calculating premium quality widgets among those that passed).

"
4hop_nested_fractions_0019,error_standard,1,4,wrong_percentage_base,1.9765625,0.36345029003112705,0.07361533641815185,0.349609375,0.7834677979864519,0.1680835727047206,False,0,False,0,,False,False,False,False,152,148,"Thinking Process:

1.  **Analyze the Request:** The user is presenting a multi-step math problem. They have provided ""Step 1"" (which contains the full question and a sub-question about quality control) and now they are asking for ""Step 2"" (which asks about premium quality widgets). However, looking closely at the provided ""Step 1"" in the prompt, there is a calculation error in the user's provided text (""2000 × 4/5 = 16000""). 2000 * 4/5 is actually 1600, not 16000. I need to address this discrepancy while answering the current step.

"
4hop_nested_fractions_0019,error_verbalized,1,4,wrong_percentage_base,1.9765625,0.23028751585020948,0.08571703284978867,0.298828125,0.8463907818685272,0.11256168060588144,False,0,False,0,,False,False,False,False,219,67,"Thinking Process:

1.  **Analyze the Request:** The user is presenting a multi-step math problem. I need to solve Step 2 based on the information provided in Step 1 and the original problem statement. After the answer, I must state my confidence in the format ""Confidence: N/10"".

"
2hop_rate_distance_0038,clean,0,2,,0.53125,0.040259872164045064,0.040259872164045064,0.77734375,0.9680438957044056,0.017990901411076433,False,0,False,0,,False,False,False,False,108,14,"Thinking Process:

1.  **Analyze the Request:**
"
2hop_rate_distance_0038,error_standard,1,2,magnitude_error,0.267578125,0.02431375639779227,0.02431375639779227,0.92578125,0.9883706038817763,0.006067507284764568,False,0,False,0,,False,False,False,False,110,14,"Thinking Process:

1.  **Analyze the Request:**
"
2hop_rate_distance_0038,error_verbalized,1,2,magnitude_error,0.55859375,0.05532234055655343,0.05532234055655343,0.75390625,0.9608537458947727,0.02271711444512889,False,0,False,0,,False,False,False,False,177,14,"Thinking Process:

1.  **Analyze the Request:**
"
3hop_percentage_chain_0047,clean,0,3,,1.625,0.2637736263374488,0.08568125069141388,0.404296875,0.8390192727836419,0.12226758212929756,False,0,False,0,,False,False,False,False,143,72,"Thinking Process:

1.  **Analyze the Request:** The user is presenting a multi-step math problem. They have already provided Step 1 (calculating the discounted price) and now they are asking for Step 2 (calculating the sales tax on the discounted price). I need to follow the format and logic established in Step 1.

"
3hop_percentage_chain_0047,error_standard,1,3,wrong_unit,0.53125,0.04581593615668161,0.04581593615668161,0.77734375,0.9666302393722747,0.018830692609802305,False,0,False,0,,False,False,False,False,131,14,"Thinking Process:

1.  **Analyze the Request:**
"
3hop_percentage_chain_0047,error_verbalized,1,3,wrong_unit,0.67578125,0.05980503931641579,0.05980503931641579,0.59375,0.9390401012330715,0.038919505660264135,False,0,False,0,,False,False,False,False,198,14,"Thinking Process:

1.  **Analyze the Request:**
"
3hop_compound_rate_0018,clean,0,3,,2.0625,0.2538328127641427,0.06820823550224304,0.33203125,0.8417055167895007,0.11927970400576528,False,0,False,0,,False,False,False,False,157,76,"Thinking Process:

1.  **Analyze the Request:** The user is presenting a multi-step math problem. They have already provided Step 1 (calculating the time for the first leg of the trip) and now they are asking for Step 2 (calculating the time for the second leg of the trip). The goal is to answer Step 2 specifically.

"
3hop_compound_rate_0018,error_standard,1,3,magnitude_error,1.7578125,0.31826255138379983,0.07587308138608932,0.333984375,0.804212575688599,0.15854771165155615,False,0,False,0,,False,False,False,False,151,83,"Thinking Process:

1.  **Analyze the Request:** The user is presenting a multi-step math problem. They have already provided ""Step 1"" (which contains an error in the provided answer) and are now asking for ""Step 2"". I need to calculate the time for the second leg of the trip (30 km at 30 km/h) and express it in minutes.

"
3hop_compound_rate_0018,error_verbalized,1,3,magnitude_error,1.21875,0.18482170596955314,0.09439369142055512,0.421875,0.8727700860971319,0.08718507597695888,False,0,False,0,,False,False,False,False,218,63,"Thinking Process:

1.  **Analyze the Request:** The user is presenting a multi-step math problem. I need to solve Step 2, which asks for the duration of the second leg of the trip in minutes. I also need to provide a confidence score in a specific format after the answer.

"
3hop_percentage_chain_0015,clean,0,3,,1.6875,0.2716355837053723,0.08462732434272766,0.349609375,0.8369168538516129,0.1256511596317852,False,0,False,0,,False,False,False,False,144,72,"Thinking Process:

1.  **Analyze the Request:** The user is presenting a multi-step math problem. They have already provided Step 1 (calculating the discounted price) and now they are asking for Step 2 (calculating the sales tax on the discounted price). I need to follow the format and logic established in Step 1.

"
3hop_percentage_chain_0015,error_standard,1,3,off_by_one,0.62890625,0.05205820820161274,0.05205820820161274,0.6796875,0.952855415609,0.028419944431942547,False,0,False,0,,False,False,False,False,131,14,"Thinking Process:

1.  **Analyze the Request:**
"
3hop_percentage_chain_0015,error_verbalized,1,3,off_by_one,0.69140625,0.06181235558220318,0.06181235558220318,0.53125,0.929508467121715,0.04716050762559753,False,0,False,0,,False,False,False,False,198,14,"Thinking Process:

1.  **Analyze the Request:**
"
3hop_percentage_chain_0004,clean,0,3,,1.6015625,0.2634625997808244,0.08603231608867645,0.40234375,0.8433222279515272,0.11838312832364492,False,0,False,0,,False,False,False,False,147,72,"Thinking Process:

1.  **Analyze the Request:** The user is presenting a multi-step math problem. They have already provided Step 1 (calculating the discounted price) and now they are asking for Step 2 (calculating the sales tax on the discounted price). I need to follow the format and logic established in Step 1.

"
3hop_percentage_chain_0004,error_standard,1,3,wrong_percentage_base,0.60546875,0.050880649260112217,0.050880649260112217,0.70703125,0.9565580339570131,0.02560267785684992,False,0,False,0,,False,False,False,False,137,14,"Thinking Process:

1.  **Analyze the Request:**
"
3hop_percentage_chain_0004,error_verbalized,1,3,wrong_percentage_base,0.69140625,0.05885228940418789,0.05885228940418789,0.5,0.9265397935440498,0.05063539553772032,False,0,False,0,,False,False,False,False,204,14,"Thinking Process:

1.  **Analyze the Request:**
"
4hop_nested_fractions_0015,clean,0,4,,1.484375,0.26703493726455557,0.06443200111389161,0.439453125,0.8330344707247311,0.11830833534900005,False,0,False,0,,False,False,False,False,150,59,"Thinking Process:

1.  **Analyze the Request:** The user is presenting a multi-step math problem. They have already provided Step 1 (calculating widgets passing quality control) and now they are asking for Step 2 (calculating premium quality widgets among those that passed).

"
4hop_nested_fractions_0015,error_standard,1,4,off_by_one,2.015625,0.44332684409082607,0.0711871862411499,0.310546875,0.7317836192617025,0.21596974787809095,False,0,False,0,,False,False,False,False,150,89,"Thinking Process:

1.  **Analyze the Request:** The user is presenting a multi-step math problem. They have provided ""Step 1"" (which contains the full question and a sub-question about quality control) and now they are asking for ""Step 2"" (which asks about premium quality widgets). I need to answer Step 2 based on the information provided in Step 1 and the result from Step 1.

"
4hop_nested_fractions_0015,error_verbalized,1,4,off_by_one,1.859375,0.22984077347748316,0.0873200163245201,0.34765625,0.8431073312661541,0.11371060447624456,False,0,False,0,,False,False,False,False,217,67,"Thinking Process:

1.  **Analyze the Request:** The user is presenting a multi-step math problem. I need to solve Step 2 based on the information provided in Step 1 and the original problem statement. After the answer, I must state my confidence in the format ""Confidence: N/10"".

"
2hop_fractions_0003,clean,0,2,,0.69140625,0.05527441842215402,0.05527441842215402,0.5,0.9275251965570662,0.050069641371586995,False,0,False,0,,False,False,False,False,106,14,"Thinking Process:

1.  **Analyze the Request:**
"
2hop_fractions_0003,error_standard,1,2,magnitude_error,0.5078125,0.04451892099210194,0.04451892099210194,0.796875,0.9690456501474338,0.01733995040775176,False,0,False,0,,False,False,False,False,108,14,"Thinking Process:

1.  **Analyze the Request:**
"
2hop_fractions_0003,error_verbalized,1,2,magnitude_error,0.69140625,0.07270410656929016,0.07270410656929016,0.5,0.9220037466979453,0.053793311368570365,False,0,False,0,,False,False,False,False,175,14,"Thinking Process:

1.  **Analyze the Request:**
"
4hop_compound_interest_0018,clean,0,4,,0.69140625,0.05257861954825265,0.05257861954825265,0.53125,0.9323584764663663,0.04545974700461763,False,0,False,0,,False,False,False,False,118,14,"Thinking Process:

1.  **Analyze the Request:**
"
4hop_compound_interest_0018,error_standard,1,4,magnitude_error,0.421875,0.03681109632764544,0.03681109632764544,0.8515625,0.9772833564451763,0.012319309817322552,False,0,False,0,,False,False,False,False,117,14,"Thinking Process:

1.  **Analyze the Request:**
"
4hop_compound_interest_0018,error_verbalized,1,4,magnitude_error,0.69140625,0.07796388864517212,0.07796388864517212,0.5,0.9200352717723165,0.054943860462207464,False,0,False,0,,False,False,False,False,184,14,"Thinking Process:

1.  **Analyze the Request:**
"
2hop_arithmetic_0015,clean,0,2,,0.67578125,0.051403701305389404,0.051403701305389404,0.59375,0.9413347369326013,0.03751505878245874,False,0,False,0,,False,False,False,False,123,14,"Thinking Process:

1.  **Analyze the Request:**
"
2hop_arithmetic_0015,error_standard,1,2,off_by_one,0.53125,0.04201178199478558,0.04201178199478558,0.77734375,0.9675973706138653,0.018270465648300458,False,0,False,0,,False,False,False,False,123,14,"Thinking Process:

1.  **Analyze the Request:**
"
2hop_arithmetic_0015,error_verbalized,1,2,off_by_one,0.67578125,0.06275115587881633,0.06275115587881633,0.59375,0.9378258292230645,0.03950325871056188,False,0,False,0,,False,False,False,False,190,14,"Thinking Process:

1.  **Analyze the Request:**
"
3hop_compound_rate_0040,clean,0,3,,2.234375,0.2717449218034744,0.07012642174959183,0.224609375,0.825292272508975,0.13344112984822737,False,0,False,0,,False,False,False,False,154,74,"Thinking Process:

1.  **Analyze the Request:** The user is presenting a multi-step problem-solving process. They have already provided Step 1 (calculating the time for the first leg) and now they are asking for Step 2 (calculating the time for the second leg). The context is a car trip with two legs and a break.

"
3hop_compound_rate_0040,error_standard,1,3,off_by_one,0.6875,0.056334776537758965,0.056334776537758965,0.5625,0.9354655960175607,0.0422189999983386,False,0,False,0,,False,False,False,False,147,14,"Thinking Process:

1.  **Analyze the Request:**
"
3hop_compound_rate_0040,error_verbalized,1,3,off_by_one,1.28125,0.15259718107081008,0.08717024847865104,0.5,0.8903444848724523,0.07369895956302026,False,0,False,0,,False,False,False,False,214,87,"Thinking Process:

1.  **Analyze the Request:** The user is presenting a multi-step math problem. I need to solve Step 2, which asks for the duration of the second leg of the trip (80 km at 40 km/h) in minutes. I also need to provide a confidence score in the specific format ""Confidence: N/10"" on its own line after the answer.

"
2hop_rate_distance_0031,clean,0,2,,0.5078125,0.03864633611270359,0.03864633611270359,0.796875,0.9709024994767138,0.016218389331096147,False,0,False,0,,False,False,False,False,110,14,"Thinking Process:

1.  **Analyze the Request:**
"
2hop_rate_distance_0031,error_standard,1,2,wrong_operator,0.267578125,0.024150739823068892,0.024150739823068892,0.92578125,0.988581373888467,0.005787943047540544,False,0,False,0,,False,False,False,False,113,14,"Thinking Process:

1.  **Analyze the Request:**
"
2hop_rate_distance_0031,error_verbalized,1,2,wrong_operator,0.58203125,0.05705881118774414,0.05705881118774414,0.73046875,0.9578146508761815,0.024686653777468898,False,0,False,0,,False,False,False,False,180,14,"Thinking Process:

1.  **Analyze the Request:**
"
2hop_percentage_0009,clean,0,2,,0.67578125,0.052216065781457086,0.052216065781457086,0.59375,0.9410112559562549,0.03779462301968277,False,0,False,0,,False,False,False,False,120,14,"Thinking Process:

1.  **Analyze the Request:**
"
2hop_percentage_0009,error_standard,1,2,wrong_percentage_base,0.53125,0.0421400150018079,0.0421400150018079,0.77734375,0.9673204831529542,0.018550029885524483,False,0,False,0,,False,False,False,False,122,14,"Thinking Process:

1.  **Analyze the Request:**
"
2hop_percentage_0009,error_verbalized,1,2,wrong_percentage_base,0.62890625,0.055698150502783914,0.055698150502783914,0.6796875,0.9516034325518247,0.02927419084873925,False,0,False,0,,False,False,False,False,189,14,"Thinking Process:

1.  **Analyze the Request:**
"
3hop_compound_rate_0012,clean,0,3,,1.8046875,0.24354611940776247,0.07306021600961685,0.353515625,0.8519671778636689,0.11355964155613604,False,0,False,0,,False,False,False,False,157,79,"Thinking Process:

1.  **Analyze the Request:** The user is presenting a multi-step math problem about a motorcycle trip. They have already provided Step 1 (calculating the time for the first leg) and now they are asking for Step 2 (calculating the time for the second leg). The format suggests a chain-of-thought or step-by-step solution process.

"
3hop_compound_rate_0012,error_standard,1,3,wrong_unit,1.4609375,0.3513481797417626,0.07490253001451493,0.412109375,0.7941174900103457,0.1531380943572951,False,0,False,0,,False,False,False,False,145,96,"Thinking Process:

1.  **Analyze the Request:** The user is presenting a multi-step math problem about a motorcycle trip. They have provided ""Step 1"" (which contains a question and an incorrect answer in the prompt's example, but I need to follow the flow). Now they are asking for ""Step 2"", which is to calculate the time for the second leg of the trip (60 km at 60 km/h) in minutes.

"
3hop_compound_rate_0012,error_verbalized,1,3,wrong_unit,1.3125,0.18227091715449378,0.09454490542411804,0.453125,0.8722146890931837,0.08823134798690575,False,0,False,0,,False,False,False,False,212,63,"Thinking Process:

1.  **Analyze the Request:** The user is presenting a multi-step math problem. I need to solve Step 2, which asks for the duration of the second leg of the trip in minutes. I also need to provide a confidence score in a specific format after the answer.

"
2hop_counting_0009,clean,0,2,,0.67578125,0.05492855395589556,0.05492855395589556,0.59375,0.940621863202458,0.03807528574396059,False,0,False,0,,False,False,False,False,114,14,"Thinking Process:

1.  **Analyze the Request:**
"
2hop_counting_0009,error_standard,1,2,wrong_percentage_base,0.53125,0.044663346239498684,0.044663346239498684,0.77734375,0.9671744428841131,0.018550029885524483,False,0,False,0,,False,False,False,False,116,14,"Thinking Process:

1.  **Analyze the Request:**
"
2hop_counting_0009,error_verbalized,1,2,wrong_percentage_base,0.62890625,0.05859836403812681,0.05859836403812681,0.6796875,0.9505771501655025,0.02984004232864462,False,0,False,0,,False,False,False,False,183,14,"Thinking Process:

1.  **Analyze the Request:**
"
2hop_percentage_0025,clean,0,2,,0.447265625,0.03621292965752738,0.03621292965752738,0.8359375,0.9757390312983522,0.01335923057857026,False,0,False,0,,False,False,False,False,118,14,"Thinking Process:

1.  **Analyze the Request:**
"
2hop_percentage_0025,error_standard,1,2,off_by_one,0.267578125,0.0246842514191355,0.0246842514191355,0.92578125,0.9883566817152314,0.006067507284764568,False,0,False,0,,False,False,False,False,118,14,"Thinking Process:

1.  **Analyze the Request:**
"
2hop_percentage_0025,error_verbalized,1,2,off_by_one,0.4765625,0.04686727321573666,0.04686727321573666,0.81640625,0.9704777612683496,0.01646912432354331,False,0,False,0,,False,False,False,False,185,14,"Thinking Process:

1.  **Analyze the Request:**
"
4hop_nested_fractions_0000,clean,0,4,,1.4765625,0.2589444305937169,0.06269954442977906,0.43359375,0.8377205516543176,0.11486043610116865,False,0,False,0,,False,False,False,False,150,59,"Thinking Process:

1.  **Analyze the Request:** The user is presenting a multi-step math problem. They have already provided Step 1 (calculating widgets passing quality control) and now they are asking for Step 2 (calculating premium quality widgets among those that passed).

"
4hop_nested_fractions_0000,error_standard,1,4,off_by_one,2.265625,0.40330116612570627,0.0691605567932129,0.236328125,0.7642438104249804,0.1906266792786384,False,0,False,0,,False,False,False,False,150,175,"Thinking Process:

1.  **Analyze the Request:** The user is presenting a multi-step math problem. They have provided ""Step 1"" (which contains the full question and a sub-question about quality control) and now they are asking for ""Step 2"" (which asks about premium quality widgets). However, looking closely at the provided ""Step 1"" in the prompt, there is a calculation error in the user's provided text (""3000 × 2/3 = 2001""). 3000 * 2/3 is actually 2000. I need to address the current step (Step 2) based on the logic of the problem, while potentially correcting the previous error if it affects the final result, or at least ensuring my calculation is correct based on the original problem statement.

"
4hop_nested_fractions_0000,error_verbalized,1,4,off_by_one,1.9296875,0.2308870356029539,0.0867824375629425,0.326171875,0.8443926132367506,0.11455960574281245,False,0,False,0,,False,False,False,False,217,67,"Thinking Process:

1.  **Analyze the Request:** The user is presenting a multi-step math problem. I need to solve Step 2 based on the information provided in Step 1 and the original problem statement. After the answer, I must state my confidence in the format ""Confidence: N/10"".

"
3hop_compound_rate_0030,clean,0,3,,2.21875,0.2655090504401439,0.06784587651491165,0.2138671875,0.817816234209474,0.14255145717945675,False,0,False,0,,False,False,False,False,154,74,"Thinking Process:

1.  **Analyze the Request:** The user is presenting a multi-step problem-solving process. They have already provided Step 1 (calculating the time for the first leg) and now they are asking for Step 2 (calculating the time for the second leg). The context is a math problem about a van's travel time.

"
3hop_compound_rate_0030,error_standard,1,3,off_by_one,0.69140625,0.056529514491558075,0.056529514491558075,0.5,0.926732462864103,0.05035250973657054,False,0,False,0,,False,False,False,False,147,14,"Thinking Process:

1.  **Analyze the Request:**
"
3hop_compound_rate_0030,error_verbalized,1,3,off_by_one,1.3515625,0.17788215147124398,0.08842398077249528,0.48046875,0.8821977377085696,0.08247066984983717,False,0,False,0,,False,False,False,False,214,63,"Thinking Process:

1.  **Analyze the Request:** The user is presenting a multi-step math problem. I need to solve Step 2, which asks for the duration of the second leg of the trip in minutes. I also need to provide a confidence score in a specific format after the answer.

"
2hop_fractions_0027,clean,0,2,,1.390625,0.1544145755469799,0.08473520427942276,0.4375,0.8954801369885294,0.07993356773212716,False,0,False,0,,False,False,False,False,106,24,"Thinking Process:

1.  **Analyze the Request:** The user is presenting a multi-step math problem.
"
2hop_fractions_0027,error_standard,1,2,wrong_unit,0.55859375,0.046841057283537726,0.046841057283537726,0.75390625,0.9633752855006605,0.02101965795190851,False,0,False,0,,False,False,False,False,108,14,"Thinking Process:

1.  **Analyze the Request:**
"
2hop_fractions_0027,error_verbalized,1,2,wrong_unit,1.9921875,0.43902353346757184,0.07882221341133118,0.248046875,0.7479255517575618,0.21440212123652772,False,0,False,0,,False,False,False,False,175,182,"Thinking Process:

1.  **Analyze the Request:** The user is presenting a multi-step math problem. I need to solve Step 2 based on the context provided in Step 1 (even though Step 1's answer was incorrect, I need to address the logic of the problem itself or correct the previous step if necessary, but usually, in these chain-of-thought prompts, I should follow the logical flow of the *actual* math problem, not necessarily propagate errors from a previous turn if I can identify them, but I must also respect the conversation flow. However, looking at Step 1's answer provided by the *user* in the prompt history: ""Answer: 3 × 3 = 90. A total of 90 slices are eaten."" This is mathematically incorrect. $3 \times 3 = 9$, not 90.

"
3hop_percentage_chain_0038,clean,0,3,,1.640625,0.2647053752508428,0.08438025414943695,0.365234375,0.840611696003988,0.12105893319723071,False,0,False,0,,False,False,False,False,143,72,"Thinking Process:

1.  **Analyze the Request:** The user is presenting a multi-step math problem. They have already provided Step 1 (calculating the discounted price) and now they are asking for Step 2 (calculating the sales tax on the discounted price). I need to follow the format and logic established in Step 1.

"
3hop_percentage_chain_0038,error_standard,1,3,magnitude_error,0.55859375,0.04775040490286691,0.04775040490286691,0.75390625,0.9634022829122841,0.021017452311202795,False,0,False,0,,False,False,False,False,131,14,"Thinking Process:

1.  **Analyze the Request:**
"
3hop_percentage_chain_0038,error_verbalized,1,3,magnitude_error,0.6875,0.060463688735451014,0.060463688735451014,0.5625,0.9349038983429117,0.04250188579948838,False,0,False,0,,False,False,False,False,198,14,"Thinking Process:

1.  **Analyze the Request:**
"
3hop_multi_stage_geometry_0035,clean,0,3,,1.703125,0.3084610055704586,0.07928203046321869,0.404296875,0.8063379416631565,0.1409673239922661,False,0,False,0,,False,False,False,False,130,61,"Thinking Process:

1.  **Analyze the Request:** The user is presenting a multi-step math problem. They have provided ""Step 1"" (Question and Answer) and now are asking for ""Step 2"". The goal is to calculate the area already covered by the existing tiles.

"
3hop_multi_stage_geometry_0035,error_standard,1,3,off_by_one,0.6875,0.05399003145950181,0.05399003145950181,0.5625,0.9365870092463281,0.041656567396131036,False,0,False,0,,False,False,False,False,128,14,"Thinking Process:

1.  **Analyze the Request:**
"
3hop_multi_stage_geometry_0035,error_verbalized,1,3,off_by_one,1.421875,0.17669387690482602,0.08898795992136002,0.416015625,0.8826317804144516,0.08299720668159151,False,0,False,0,,False,False,False,False,195,62,"Thinking Process:

1.  **Analyze the Request:** The user is presenting a multi-step math problem. I need to solve Step 2, which asks for the area already covered by the 9 existing tiles. I also need to provide a confidence score in a specific format after the answer.

"
3hop_percentage_chain_0019,clean,0,3,,1.6484375,0.2668367293145921,0.08278967142105102,0.373046875,0.8374806606669962,0.12318518224505061,False,0,False,0,,False,False,False,False,143,72,"Thinking Process:

1.  **Analyze the Request:** The user is presenting a multi-step math problem. They have already provided Step 1 (calculating the discounted price) and now they are asking for Step 2 (calculating the sales tax on the discounted price). I need to follow the format and logic established in Step 1.

"
3hop_percentage_chain_0019,error_standard,1,3,wrong_percentage_base,0.6640625,0.05329905024596623,0.05329905024596623,0.62109375,0.9450236002116331,0.034578645778685975,False,0,False,0,,False,False,False,False,133,14,"Thinking Process:

1.  **Analyze the Request:**
"
3hop_percentage_chain_0019,error_verbalized,1,3,wrong_percentage_base,0.69140625,0.061506145766803196,0.061506145766803196,0.5,0.9252252696314827,0.05149083775534287,False,0,False,0,,False,False,False,False,200,14,"Thinking Process:

1.  **Analyze the Request:**
"
2hop_percentage_0033,clean,0,2,,0.6875,0.0535342310156141,0.0535342310156141,0.5625,0.9366550822742283,0.041656567396131036,False,0,False,0,,False,False,False,False,118,14,"Thinking Process:

1.  **Analyze the Request:**
"
2hop_percentage_0033,error_standard,1,2,magnitude_error,0.5078125,0.04209008067846298,0.04209008067846298,0.796875,0.9700791084739778,0.016777517805544196,False,0,False,0,,False,False,False,False,120,14,"Thinking Process:

1.  **Analyze the Request:**
"
2hop_percentage_0033,error_verbalized,1,2,magnitude_error,0.62890625,0.05554456263780594,0.05554456263780594,0.6796875,0.9518308540407036,0.028989046472343717,False,0,False,0,,False,False,False,False,187,14,"Thinking Process:

1.  **Analyze the Request:**
"
2hop_rate_distance_0030,clean,0,2,,0.55859375,0.042262145451137,0.042262145451137,0.75390625,0.9647575338770237,0.020177661112476923,False,0,False,0,,False,False,False,False,108,14,"Thinking Process:

1.  **Analyze the Request:**
"
2hop_rate_distance_0030,error_standard,1,2,off_by_one,0.55859375,0.04215900387082781,0.04215900387082781,0.75390625,0.9647632056980261,0.020177661112476923,False,0,False,0,,False,False,False,False,108,14,"Thinking Process:

1.  **Analyze the Request:**
"
2hop_rate_distance_0030,error_verbalized,1,2,off_by_one,0.69140625,0.06805955512183053,0.06805955512183053,0.53125,0.9279493476663317,0.04828994377215236,False,0,False,0,,False,False,False,False,175,14,"Thinking Process:

1.  **Analyze the Request:**
"
4hop_nested_fractions_0021,clean,0,4,,1.4453125,0.2632925081051002,0.061173760890960695,0.431640625,0.8369948001759979,0.11604854646981752,False,0,False,0,,False,False,False,False,150,59,"Thinking Process:

1.  **Analyze the Request:** The user is presenting a multi-step math problem. They have already provided Step 1 (calculating widgets passing quality control) and now they are asking for Step 2 (calculating premium quality widgets among those that passed).

"
4hop_nested_fractions_0021,error_standard,1,4,wrong_operator,0.62890625,0.0491377626146589,0.0491377626146589,0.6796875,0.9535706319979259,0.0278597174704407,False,0,False,0,,False,False,False,False,156,14,"Thinking Process:

1.  **Analyze the Request:**
"
4hop_nested_fractions_0021,error_verbalized,1,4,wrong_operator,1.875,0.29966593151673293,0.07612364888191223,0.361328125,0.8216203642674745,0.1432559425387807,False,0,False,0,,False,False,False,False,223,78,"Thinking Process:

1.  **Analyze the Request:** The user is presenting a multi-step math problem. I need to solve Step 2 based on the context provided in Step 1 (even though Step 1's answer in the previous turn was incorrect). I need to provide the answer and then state my confidence in the format ""Confidence: N/10"".

"
2hop_percentage_0042,clean,0,2,,0.67578125,0.051424767289842875,0.051424767289842875,0.59375,0.9413117140731109,0.03751505878245874,False,0,False,0,,False,False,False,False,120,14,"Thinking Process:

1.  **Analyze the Request:**
"
2hop_percentage_0042,error_standard,1,2,wrong_unit,0.5078125,0.03980406480176108,0.03980406480176108,0.796875,0.9704716443458372,0.01649795356832017,False,0,False,0,,False,False,False,False,122,14,"Thinking Process:

1.  **Analyze the Request:**
"
2hop_percentage_0042,error_verbalized,1,2,wrong_unit,0.62890625,0.05625242793134281,0.05625242793134281,0.6796875,0.9514954415249771,0.02927419084873925,False,0,False,0,,False,False,False,False,189,14,"Thinking Process:

1.  **Analyze the Request:**
"
4hop_multi_stage_allocation_0024,clean,0,4,,2.171875,0.3253844184418247,0.07271260470151901,0.318359375,0.8217504707464872,0.14567803552933326,False,0,False,0,,False,False,False,False,148,73,"Thinking Process:

1.  **Analyze the Request:** The user is presenting a multi-step math problem. They have already provided Step 1 (calculating the remainder after salaries) and now they are asking for Step 2 (calculating the remainder after equipment spending). The input format suggests a chain-of-thought or step-by-step solution process.

"
4hop_multi_stage_allocation_0024,error_standard,1,4,wrong_percentage_base,0.6875,0.053881136434418817,0.053881136434418817,0.5625,0.9364680317230523,0.041657665883184834,False,0,False,0,,False,False,False,False,151,14,"Thinking Process:

1.  **Analyze the Request:**
"
4hop_multi_stage_allocation_0024,error_verbalized,1,4,wrong_percentage_base,1.6640625,0.3168259824023527,0.09827452898025513,0.34765625,0.8007863515522331,0.15357560774022655,True,1,False,0,,False,False,False,False,218,68,"Thinking Process:

1.  **Analyze the Request:** The user is presenting a multi-step math problem. I need to solve Step 2 based on the result from Step 1 (provided in the previous turn, though I should verify the logic). The user wants the answer followed by a confidence score in a specific format.

"
3hop_compound_rate_0038,clean,0,3,,1.90625,0.24673740097454616,0.07242846488952637,0.42578125,0.8581254827224516,0.10477424705139812,False,0,False,0,,False,False,False,False,157,70,"Thinking Process:

1.  **Analyze the Request:** The user is presenting a multi-step math problem. They have already provided Step 1 (calculating the time for the first leg) and now they are asking for Step 2 (calculating the time for the second leg). The goal is to answer Step 2 specifically.

"
3hop_compound_rate_0038,error_standard,1,3,magnitude_error,1.765625,0.30482966580893844,0.08010573387145996,0.330078125,0.8205198080289847,0.14725598664222,False,0,False,0,,False,False,False,False,151,80,"Thinking Process:

1.  **Analyze the Request:** The user is presenting a multi-step math problem. They have already provided ""Step 1"" (which contains an error in the provided answer) and are now asking for ""Step 2"". I need to calculate the time for the second leg of the trip (80 km at 40 km/h) in minutes.

"
3hop_compound_rate_0038,error_verbalized,1,3,magnitude_error,1.2265625,0.17548772787290906,0.10467831790447235,0.4296875,0.8835408180870766,0.07965163094142265,False,0,False,0,,False,False,False,False,218,63,"Thinking Process:

1.  **Analyze the Request:** The user is presenting a multi-step math problem. I need to solve Step 2, which asks for the duration of the second leg of the trip in minutes. I also need to provide a confidence score in a specific format after the answer.

"
3hop_percentage_chain_0032,clean,0,3,,1.703125,0.26668599454893005,0.08363722413778304,0.365234375,0.8369806240759013,0.12566492949172853,False,0,False,0,,False,False,False,False,149,72,"Thinking Process:

1.  **Analyze the Request:** The user is presenting a multi-step math problem. They have already provided Step 1 (calculating the discounted price) and now they are asking for Step 2 (calculating the sales tax on the discounted price). I need to follow the format and logic established in Step 1.

"
3hop_percentage_chain_0032,error_standard,1,3,wrong_unit,0.53125,0.04598735911505563,0.04598735911505563,0.77734375,0.9666417575707393,0.018830692609802305,False,0,False,0,,False,False,False,False,131,14,"Thinking Process:

1.  **Analyze the Request:**
"
3hop_percentage_chain_0032,error_verbalized,1,3,wrong_unit,0.6640625,0.05824469242777143,0.05824469242777143,0.62109375,0.9434867739577645,0.03542396418204331,False,0,False,0,,False,False,False,False,198,14,"Thinking Process:

1.  **Analyze the Request:**
"
3hop_multi_stage_geometry_0042,clean,0,3,,1.765625,0.3172871626791407,0.07722830437123776,0.3984375,0.8014784372634957,0.1455751581440205,False,0,False,0,,False,False,False,False,130,61,"Thinking Process:

1.  **Analyze the Request:** The user is presenting a multi-step math problem. They have provided ""Step 1"" (Question and Answer) and now are asking for ""Step 2"". The goal is to calculate the area already covered by the existing tiles.

"
3hop_multi_stage_geometry_0042,error_standard,1,3,wrong_unit,0.69140625,0.053226716816425323,0.053226716816425323,0.53125,0.9324407140874038,0.04545974700461763,False,0,False,0,,False,False,False,False,130,14,"Thinking Process:

1.  **Analyze the Request:**
"
3hop_multi_stage_geometry_0042,error_verbalized,1,3,wrong_unit,1.3984375,0.15689339275871003,0.08578909039497376,0.42578125,0.8887000067891287,0.07587223106607253,False,0,False,0,,False,False,False,False,197,70,"Thinking Process:

1.  **Analyze the Request:** The user is presenting a multi-step math problem. I need to solve Step 2, which asks for the area already covered by the 7 existing tiles. After providing the answer, I must state my confidence level in the specific format ""Confidence: N/10"".

"
3hop_percentage_chain_0041,clean,0,3,,1.7109375,0.26833610733350116,0.08521513938903809,0.326171875,0.8361288122574074,0.12716679262380295,False,0,False,0,,False,False,False,False,138,72,"Thinking Process:

1.  **Analyze the Request:** The user is presenting a multi-step math problem. They have already provided Step 1 (calculating the discounted price) and now they are asking for Step 2 (calculating the sales tax on the discounted price). I need to follow the format and logic established in Step 1.

"
3hop_percentage_chain_0041,error_standard,1,3,wrong_operator,0.53125,0.04648977092334202,0.04648977092334202,0.77734375,0.9662934918887913,0.019112462487732046,False,0,False,0,,False,False,False,False,127,14,"Thinking Process:

1.  **Analyze the Request:**
"
3hop_percentage_chain_0041,error_verbalized,1,3,wrong_operator,0.67578125,0.060436420674834936,0.060436420674834936,0.59375,0.9387024947708207,0.03920351625880981,False,0,False,0,,False,False,False,False,194,14,"Thinking Process:

1.  **Analyze the Request:**
"
2hop_arithmetic_0012,clean,0,2,,0.6875,0.05163373904568808,0.05163373904568808,0.5625,0.9370357614077095,0.04137700315890701,False,0,False,0,,False,False,False,False,124,14,"Thinking Process:

1.  **Analyze the Request:**
"
2hop_arithmetic_0012,error_standard,1,2,wrong_unit,0.4765625,0.04071322402783802,0.04071322402783802,0.81640625,0.9724437061314737,0.015328590664065264,False,0,False,0,,False,False,False,False,126,14,"Thinking Process:

1.  **Analyze the Request:**
"
2hop_arithmetic_0012,error_verbalized,1,2,wrong_unit,0.67578125,0.06729349493980408,0.06729349493980408,0.59375,0.9364082494617573,0.040640759344482746,False,0,False,0,,False,False,False,False,193,14,"Thinking Process:

1.  **Analyze the Request:**
"
2hop_counting_0017,clean,0,2,,0.6484375,0.05474383916173663,0.05474383916173663,0.65234375,0.9486767933371344,0.03163467765257042,False,0,False,0,,False,False,False,False,112,14,"Thinking Process:

1.  **Analyze the Request:**
"
2hop_counting_0017,error_standard,1,2,wrong_unit,0.447265625,0.040759921073913574,0.040759921073913574,0.8359375,0.9751933715971453,0.013639893302848089,False,0,False,0,,False,False,False,False,114,14,"Thinking Process:

1.  **Analyze the Request:**
"
2hop_counting_0017,error_verbalized,1,2,wrong_unit,0.62890625,0.06092457047530583,0.06092457047530583,0.6796875,0.9500838673474001,0.030127481635767863,False,0,False,0,,False,False,False,False,181,14,"Thinking Process:

1.  **Analyze the Request:**
"
2hop_fractions_0014,clean,0,2,,1.4296875,0.14863127221663794,0.08295271098613739,0.388671875,0.8992224370595068,0.07938191678197529,False,0,False,0,,False,False,False,False,106,24,"Thinking Process:

1.  **Analyze the Request:** The user is presenting a multi-step math problem.
"
2hop_fractions_0014,error_standard,1,2,wrong_percentage_base,0.55859375,0.04702776564019067,0.04702776564019067,0.75390625,0.9635298569753233,0.021017452311202795,False,0,False,0,,False,False,False,False,108,14,"Thinking Process:

1.  **Analyze the Request:**
"
2hop_fractions_0014,error_verbalized,1,2,wrong_percentage_base,1.65625,0.32608933557163583,0.06714947819709778,0.35546875,0.8041841324926777,0.16109215778801853,False,0,False,0,,False,False,False,False,175,55,"Thinking Process:

1.  **Analyze the Request:** The user is presenting a multi-step math problem. I need to solve Step 2 based on the context provided in Step 1 (even though Step 1's answer in the previous turn was incorrect).
"
4hop_compound_interest_0003,clean,0,4,,0.69140625,0.05309888294764927,0.05309888294764927,0.53125,0.9320274136428323,0.04574040972889546,False,0,False,0,,False,False,False,False,118,14,"Thinking Process:

1.  **Analyze the Request:**
"
4hop_compound_interest_0003,error_standard,1,4,magnitude_error,0.447265625,0.03775980642863682,0.03775980642863682,0.8359375,0.9753961226503763,0.013360329065624064,False,0,False,0,,False,False,False,False,117,14,"Thinking Process:

1.  **Analyze the Request:**
"
4hop_compound_interest_0003,error_verbalized,1,4,magnitude_error,0.69140625,0.07573914953640529,0.07573914953640529,0.53125,0.9254639797977039,0.05003709670346777,False,0,False,0,,False,False,False,False,184,14,"Thinking Process:

1.  **Analyze the Request:**
"
2hop_fractions_0034,clean,0,2,,0.69140625,0.0564661579472678,0.0564661579472678,0.5,0.927164356357285,0.05035030409586482,False,0,False,0,,False,False,False,False,106,14,"Thinking Process:

1.  **Analyze the Request:**
"
2hop_fractions_0034,error_standard,1,2,wrong_percentage_base,0.53125,0.046138224857194085,0.046138224857194085,0.77734375,0.9666415073443204,0.018830692609802305,False,0,False,0,,False,False,False,False,108,14,"Thinking Process:

1.  **Analyze the Request:**
"
2hop_fractions_0034,error_verbalized,1,2,wrong_percentage_base,0.69140625,0.06798574541296278,0.06798574541296278,0.5,0.924130676779896,0.05233850402396796,False,0,False,0,,False,False,False,False,175,14,"Thinking Process:

1.  **Analyze the Request:**
"
4hop_multi_stage_geometry_4_0004,clean,0,4,,1.703125,0.2681646910432267,0.08219233453273773,0.310546875,0.8213288227657545,0.13362503062965964,False,0,False,0,,False,False,False,False,146,73,"Thinking Process:

1.  **Analyze the Request:** The user is presenting a multi-step math problem. They have already provided Step 1 (calculating the total area) and now they are asking for Step 2 (calculating the garden area). I need to follow the logic of the problem to provide the correct answer for Step 2.

"
4hop_multi_stage_geometry_4_0004,error_standard,1,4,wrong_percentage_base,1.703125,0.25931478972020355,0.08287361562252045,0.34765625,0.8299719898900746,0.12327114655319346,False,0,False,0,,False,False,False,False,146,69,"Thinking Process:

1.  **Analyze the Request:** The user is presenting a multi-step math problem. They have already provided Step 1 (calculating the total area) and now they are asking for Step 2 (calculating the garden area). I need to follow the logic of the problem provided in the initial prompt.

"
4hop_multi_stage_geometry_4_0004,error_verbalized,1,4,wrong_percentage_base,1.3359375,0.1899256896777231,0.10005628913640977,0.357421875,0.8761823041532494,0.08665486592048016,False,0,False,0,,False,False,False,False,213,61,"Thinking Process:

1.  **Analyze the Request:** The user is presenting a multi-step math problem. I need to solve Step 2, which asks for the garden area (plot minus the building footprint). I also need to provide a confidence score in a specific format after the answer.

"
4hop_multi_stage_allocation_0011,clean,0,4,,1.828125,0.2899738027624888,0.07483703345060348,0.3671875,0.8160032636664604,0.13742750034448203,False,0,False,0,,False,False,False,False,147,73,"Thinking Process:

1.  **Analyze the Request:** The user is presenting a multi-step math problem. They have already provided Step 1 (calculating the remainder after salaries) and now they are asking for Step 2 (calculating the remainder after equipment spending). I need to follow the logic established in Step 1 and continue the calculation.

"
4hop_multi_stage_allocation_0011,error_standard,1,4,wrong_operator,0.62890625,0.05041038564273289,0.05041038564273289,0.6796875,0.9530579586114202,0.02814038019471853,False,0,False,0,,False,False,False,False,146,14,"Thinking Process:

1.  **Analyze the Request:**
"
4hop_multi_stage_allocation_0011,error_verbalized,1,4,wrong_operator,1.6796875,0.32008914850853587,0.09417837411165238,0.349609375,0.7964095358510275,0.14905872024234304,False,0,False,0,,False,False,False,False,213,74,"Thinking Process:

1.  **Analyze the Request:** The user is presenting a multi-step math problem. I need to solve Step 2 based on the previous step's output (even though the previous step's output contains a significant error). I need to provide the answer and then state my confidence in the format ""Confidence: N/10"".

"
4hop_compound_interest_0016,clean,0,4,,0.6875,0.053207414490836005,0.053207414490836005,0.5625,0.936434758294906,0.041657665883184834,False,0,False,0,,False,False,False,False,118,14,"Thinking Process:

1.  **Analyze the Request:**
"
4hop_compound_interest_0016,error_standard,1,4,wrong_operator,0.4765625,0.04065097229821341,0.04065097229821341,0.81640625,0.9723343612360102,0.01533079630477098,False,0,False,0,,False,False,False,False,117,14,"Thinking Process:

1.  **Analyze the Request:**
"
4hop_compound_interest_0016,error_verbalized,1,4,wrong_operator,0.69140625,0.07634083713803973,0.07634083713803973,0.5,0.920470191431897,0.054663197737929645,False,0,False,0,,False,False,False,False,184,14,"Thinking Process:

1.  **Analyze the Request:**
"
2hop_counting_0001,clean,0,2,,0.6640625,0.05392756632396153,0.05392756632396153,0.62109375,0.9448415176011622,0.034859308502963794,False,0,False,0,,False,False,False,False,110,14,"Thinking Process:

1.  **Analyze the Request:**
"
2hop_counting_0001,error_standard,1,2,wrong_operator,0.447265625,0.03874288286481585,0.03874288286481585,0.8359375,0.9755158637251172,0.01335923057857026,False,0,False,0,,False,False,False,False,110,14,"Thinking Process:

1.  **Analyze the Request:**
"
2hop_counting_0001,error_verbalized,1,2,wrong_operator,0.6484375,0.05795700741665704,0.05795700741665704,0.65234375,0.9477600277334984,0.0319175634537202,False,0,False,0,,False,False,False,False,177,14,"Thinking Process:

1.  **Analyze the Request:**
"
2hop_percentage_0046,clean,0,2,,0.6875,0.05267573041575296,0.05267573041575296,0.5625,0.9366996043661077,0.041656567396131036,False,0,False,0,,False,False,False,False,118,14,"Thinking Process:

1.  **Analyze the Request:**
"
2hop_percentage_0046,error_standard,1,2,wrong_operator,0.447265625,0.037205474717276435,0.037205474717276435,0.8359375,0.9755794707619186,0.01335923057857026,False,0,False,0,,False,False,False,False,116,14,"Thinking Process:

1.  **Analyze the Request:**
"
2hop_percentage_0046,error_verbalized,1,2,wrong_operator,0.60546875,0.05392268406493323,0.05392268406493323,0.70703125,0.9556057418314075,0.026167333535929444,False,0,False,0,,False,False,False,False,183,14,"Thinking Process:

1.  **Analyze the Request:**
"
3hop_percentage_chain_0043,clean,0,3,,1.6484375,0.2644594684243202,0.08310151100158691,0.400390625,0.8419337425245127,0.12063829047203993,False,0,False,0,,False,False,False,False,136,72,"Thinking Process:

1.  **Analyze the Request:** The user is presenting a multi-step math problem. They have already provided Step 1 (calculating the discounted price) and now they are asking for Step 2 (calculating the sales tax on the discounted price). I need to follow the format and logic established in Step 1.

"
3hop_percentage_chain_0043,error_standard,1,3,magnitude_error,0.53125,0.044864218149866374,0.044864218149866374,0.77734375,0.9667826360091567,0.018830692609802305,False,0,False,0,,False,False,False,False,125,14,"Thinking Process:

1.  **Analyze the Request:**
"
3hop_percentage_chain_0043,error_verbalized,1,3,magnitude_error,0.6640625,0.06129748108131545,0.06129748108131545,0.62109375,0.9423779025174943,0.03627268339420854,False,0,False,0,,False,False,False,False,192,14,"Thinking Process:

1.  **Analyze the Request:**
"
2hop_counting_0015,clean,0,2,,0.67578125,0.05341184139251709,0.05341184139251709,0.59375,0.940994624913271,0.03779462301968277,False,0,False,0,,False,False,False,False,112,14,"Thinking Process:

1.  **Analyze the Request:**
"
2hop_counting_0015,error_standard,1,2,off_by_one,0.53125,0.04341575929096767,0.04341575929096767,0.77734375,0.9672583334946206,0.018550029885524483,False,0,False,0,,False,False,False,False,112,14,"Thinking Process:

1.  **Analyze the Request:**
"
2hop_counting_0015,error_verbalized,1,2,off_by_one,0.67578125,0.06178067943879536,0.06178067943879536,0.59375,0.9383440078236163,0.03920909639798131,False,0,False,0,,False,False,False,False,179,14,"Thinking Process:

1.  **Analyze the Request:**
"
2hop_fractions_0026,clean,0,2,,0.6875,0.05547914334705898,0.05547914334705898,0.5625,0.9364402065984905,0.041656567396131036,False,0,False,0,,False,False,False,False,104,14,"Thinking Process:

1.  **Analyze the Request:**
"
2hop_fractions_0026,error_standard,1,2,wrong_operator,0.421875,0.03905077491487775,0.03905077491487775,0.8515625,0.9767302622619484,0.012598874054546573,False,0,False,0,,False,False,False,False,104,14,"Thinking Process:

1.  **Analyze the Request:**
"
2hop_fractions_0026,error_verbalized,1,2,wrong_operator,0.67578125,0.07055099947111947,0.07055099947111947,0.59375,0.9353729044752461,0.04151719452961234,False,0,False,0,,False,False,False,False,171,14,"Thinking Process:

1.  **Analyze the Request:**
"
4hop_multi_stage_allocation_0016,clean,0,4,,2.0625,0.30794099214914683,0.0702050894498825,0.33203125,0.8254454969365552,0.14047187445468826,False,0,False,0,,False,False,False,False,145,74,"Thinking Process:

1.  **Analyze the Request:** The user is presenting a multi-step math problem. They have already provided Step 1 (calculating the remainder after salaries) and now they are asking for Step 2 (calculating the remainder after equipment spending). The input format mimics a chain-of-thought or step-by-step reasoning process.

"
4hop_multi_stage_allocation_0016,error_standard,1,4,wrong_operator,0.62890625,0.04971932087625776,0.04971932087625776,0.6796875,0.9531858808227948,0.02814038019471853,False,0,False,0,,False,False,False,False,144,14,"Thinking Process:

1.  **Analyze the Request:**
"
4hop_multi_stage_allocation_0016,error_verbalized,1,4,wrong_operator,1.6484375,0.31569841711057556,0.09132674932479859,0.333984375,0.8045457561254605,0.14425292964596637,False,0,False,0,,False,False,False,False,211,72,"Thinking Process:

1.  **Analyze the Request:** The user is presenting a multi-step math problem. I need to solve Step 2 based on the previous step's output (even though the previous step's output was incorrect). I need to provide the answer and then state my confidence in the format ""Confidence: N/10"".

"
2hop_arithmetic_0021,clean,0,2,,0.6640625,0.05073400480406625,0.05073400480406625,0.62109375,0.9454967851218369,0.03429908154146195,False,0,False,0,,False,False,False,False,120,14,"Thinking Process:

1.  **Analyze the Request:**
"
2hop_arithmetic_0021,error_standard,1,2,wrong_operator,0.390625,0.03292079057012286,0.03292079057012286,0.8671875,0.9800127387445953,0.010738802862022067,False,0,False,0,,False,False,False,False,120,14,"Thinking Process:

1.  **Analyze the Request:**
"
2hop_arithmetic_0021,error_verbalized,1,2,wrong_operator,0.6640625,0.06498158403805324,0.06498158403805324,0.62109375,0.941403428292168,0.036855446388003754,False,0,False,0,,False,False,False,False,187,14,"Thinking Process:

1.  **Analyze the Request:**
"
2hop_fractions_0022,clean,0,2,,0.69140625,0.055281983954565864,0.055281983954565864,0.5,0.9275468703292843,0.050069641371586995,False,0,False,0,,False,False,False,False,106,14,"Thinking Process:

1.  **Analyze the Request:**
"
2hop_fractions_0022,error_standard,1,2,wrong_unit,0.55859375,0.04828534381730216,0.04828534381730216,0.75390625,0.9629784144926816,0.021299222189132532,False,0,False,0,,False,False,False,False,108,14,"Thinking Process:

1.  **Analyze the Request:**
"
2hop_fractions_0022,error_verbalized,1,2,wrong_unit,0.69140625,0.07467801656041827,0.07467801656041827,0.5,0.9211600035029862,0.05436742683321311,False,0,False,0,,False,False,False,False,175,14,"Thinking Process:

1.  **Analyze the Request:**
"
3hop_compound_rate_0002,clean,0,3,,2.015625,0.2575577221026546,0.07252205610275268,0.359375,0.8359409374932415,0.12466614333885795,False,0,False,0,,False,False,False,False,157,76,"Thinking Process:

1.  **Analyze the Request:** The user is presenting a multi-step math problem. They have already provided Step 1 (calculating the time for the first leg of the trip) and now they are asking for Step 2 (calculating the time for the second leg of the trip). The goal is to answer Step 2 specifically.

"
3hop_compound_rate_0002,error_standard,1,3,wrong_unit,0.69140625,0.05560794472694397,0.05560794472694397,0.5,0.9270266474091581,0.05035250973657054,False,0,False,0,,False,False,False,False,145,14,"Thinking Process:

1.  **Analyze the Request:**
"
3hop_compound_rate_0002,error_verbalized,1,3,wrong_unit,1.1484375,0.14999296098220638,0.09483788907527924,0.52734375,0.8842887315677661,0.07520700572742695,False,0,False,0,,False,False,False,False,212,82,"Thinking Process:

1.  **Analyze the Request:** The user is presenting a multi-step math problem. I need to solve Step 2, which asks for the duration of the second leg of the trip (60 km at 30 km/h) in minutes. After providing the answer, I must state my confidence level in the specific format ""Confidence: N/10"".

"
2hop_counting_0021,clean,0,2,,0.67578125,0.05491305249077933,0.05491305249077933,0.59375,0.9406265334359237,0.03807528574396059,False,0,False,0,,False,False,False,False,112,14,"Thinking Process:

1.  **Analyze the Request:**
"
2hop_counting_0021,error_standard,1,2,wrong_operator,0.4765625,0.04163891928536551,0.04163891928536551,0.81640625,0.9724333339503833,0.015328590664065264,False,0,False,0,,False,False,False,False,112,14,"Thinking Process:

1.  **Analyze the Request:**
"
2hop_counting_0021,error_verbalized,1,2,wrong_operator,0.6875,0.0630036826644625,0.0630036826644625,0.5625,0.9342352147879345,0.04307104077442958,False,0,False,0,,False,False,False,False,179,14,"Thinking Process:

1.  **Analyze the Request:**
"
4hop_multi_stage_allocation_0009,clean,0,4,,2.1875,0.33088845871899225,0.07345620393753052,0.3125,0.819564046915493,0.15032277617705572,False,0,False,0,,False,False,False,False,146,73,"Thinking Process:

1.  **Analyze the Request:** The user is presenting a multi-step math problem. They have already provided Step 1 (calculating the remainder after salaries) and now they are asking for Step 2 (calculating the remainder after equipment spending). The input format suggests a chain-of-thought or step-by-step solution process.

"
4hop_multi_stage_allocation_0009,error_standard,1,4,wrong_percentage_base,0.6875,0.05385415043149676,0.05385415043149676,0.5625,0.9364649038761854,0.041657665883184834,False,0,False,0,,False,False,False,False,149,14,"Thinking Process:

1.  **Analyze the Request:**
"
4hop_multi_stage_allocation_0009,error_verbalized,1,4,wrong_percentage_base,1.71875,0.32210734837195454,0.09857673645019531,0.3515625,0.7994551679037292,0.15374681821622282,True,1,False,0,,False,False,False,False,216,68,"Thinking Process:

1.  **Analyze the Request:** The user is presenting a multi-step math problem. I need to solve Step 2 based on the result from Step 1 (provided in the previous turn, though I should verify the logic). The user wants the answer followed by a confidence score in a specific format.

"
2hop_fractions_0036,clean,0,2,,1.46875,0.17775361612439156,0.08416310399770736,0.310546875,0.8803111005302829,0.09959807605002753,False,0,False,0,,False,False,False,False,107,24,"Thinking Process:

1.  **Analyze the Request:** The user is presenting a multi-step math problem.
"
2hop_fractions_0036,error_standard,1,2,wrong_operator,0.6640625,0.05393691999571664,0.05393691999571664,0.62109375,0.9444675737093868,0.034859308502963794,False,0,False,0,,False,False,False,False,107,14,"Thinking Process:

1.  **Analyze the Request:**
"
2hop_fractions_0036,error_verbalized,1,2,wrong_operator,0.69140625,0.0765053459576198,0.0765053459576198,0.5,0.9202068918384612,0.055018891707455476,False,0,False,0,,False,False,False,False,174,14,"Thinking Process:

1.  **Analyze the Request:**
"
4hop_nested_fractions_0006,clean,0,4,,1.53125,0.2558590395975921,0.06130037307739258,0.46484375,0.8405674557138424,0.11274623547454415,False,0,False,0,,False,False,False,False,150,59,"Thinking Process:

1.  **Analyze the Request:** The user is presenting a multi-step math problem. They have already provided Step 1 (calculating widgets passing quality control) and now they are asking for Step 2 (calculating premium quality widgets among those that passed).

"
4hop_nested_fractions_0006,error_standard,1,4,wrong_operator,0.62890625,0.04890225614820208,0.04890225614820208,0.6796875,0.9535475437130246,0.0278597174704407,False,0,False,0,,False,False,False,False,156,14,"Thinking Process:

1.  **Analyze the Request:**
"
4hop_nested_fractions_0006,error_verbalized,1,4,wrong_operator,1.875,0.32033290801110204,0.0769541621208191,0.2890625,0.805659137188469,0.16188136511321838,False,0,False,0,,False,False,False,False,223,77,"Thinking Process:

1.  **Analyze the Request:** The user is presenting a multi-step math problem. I need to solve Step 2 based on the context provided in Step 1 (even though Step 1's answer in the prompt was incorrect). I need to provide the answer and then state my confidence in the format ""Confidence: N/10"".

"
3hop_multi_stage_geometry_0005,clean,0,3,,1.53125,0.3248931359628151,0.07981955856084824,0.423828125,0.7975767719125825,0.15513286259640185,False,0,False,0,,False,False,False,False,134,58,"Thinking Process:

1.  **Analyze the Request:** The user is presenting a multi-step math problem. They have provided Step 1 (Question and Answer) and now are asking for Step 2. The goal is to calculate the area already covered by the existing tiles.

"
3hop_multi_stage_geometry_0005,error_standard,1,3,off_by_one,1.7734375,0.403248769732622,0.08387155532836914,0.328125,0.7844484776052503,0.17094903898825134,False,0,False,0,,False,False,False,False,132,52,"Thinking Process:

1.  **Analyze the Request:** The user is presenting a multi-step math problem. They have provided ""Step 1"" (Question and a partial answer/calculation) and now are asking for ""Step 2"".
"
3hop_multi_stage_geometry_0005,error_verbalized,1,3,off_by_one,1.515625,0.16238783247454067,0.08205196596682071,0.3359375,0.8807450030753258,0.08400266562201036,False,0,False,0,,False,False,False,False,199,71,"Thinking Process:

1.  **Analyze the Request:** The user is presenting a multi-step math problem. I need to solve Step 2, which asks for the area already covered by the 33 existing tiles. After providing the answer, I must state my confidence level in the specific format ""Confidence: N/10"".

"
3hop_multi_stage_geometry_0027,clean,0,3,,1.59375,0.38717043607449925,0.07778345197439193,0.376953125,0.7685580788596273,0.17980674912882944,False,0,False,0,,False,False,False,False,132,61,"Thinking Process:

1.  **Analyze the Request:** The user is presenting a multi-step math problem. They have provided ""Step 1"" (Question and Answer) and now are asking for ""Step 2"". The goal is to continue the reasoning process to solve the original problem.

"
3hop_multi_stage_geometry_0027,error_standard,1,3,wrong_unit,0.6640625,0.053964908101728985,0.053964908101728985,0.62109375,0.9445888036030478,0.034859308502963794,False,0,False,0,,False,False,False,False,132,14,"Thinking Process:

1.  **Analyze the Request:**
"
3hop_multi_stage_geometry_0027,error_verbalized,1,3,wrong_unit,1.515625,0.16160616005810213,0.0766846351325512,0.3125,0.8798655946607846,0.08648947325090744,False,0,False,0,,False,False,False,False,199,71,"Thinking Process:

1.  **Analyze the Request:** The user is presenting a multi-step math problem. I need to solve Step 2, which asks for the area already covered by the 23 existing tiles. After providing the answer, I must state my confidence level in the specific format ""Confidence: N/10"".

"
3hop_percentage_chain_0001,clean,0,3,,1.625,0.2661876641213894,0.08569912910461426,0.3671875,0.8406195248082642,0.12232467366285535,False,0,False,0,,False,False,False,False,138,72,"Thinking Process:

1.  **Analyze the Request:** The user is presenting a multi-step math problem. They have already provided Step 1 (calculating the discounted price) and now they are asking for Step 2 (calculating the sales tax on the discounted price). I need to follow the format and logic established in Step 1.

"
3hop_percentage_chain_0001,error_standard,1,3,wrong_operator,0.5078125,0.04493230581283569,0.04493230581283569,0.796875,0.9694960918942732,0.017058180529822022,False,0,False,0,,False,False,False,False,127,14,"Thinking Process:

1.  **Analyze the Request:**
"
3hop_percentage_chain_0001,error_verbalized,1,3,wrong_operator,0.67578125,0.06122305297425815,0.06122305297425815,0.59375,0.9387100979968507,0.03920351625880981,False,0,False,0,,False,False,False,False,194,14,"Thinking Process:

1.  **Analyze the Request:**
"
4hop_compound_interest_0011,clean,0,4,,0.69140625,0.05311645780290876,0.05311645780290876,0.53125,0.932028111868671,0.04574040972889546,False,0,False,0,,False,False,False,False,116,14,"Thinking Process:

1.  **Analyze the Request:**
"
4hop_compound_interest_0011,error_standard,1,4,wrong_operator,0.421875,0.03651845455169678,0.03651845455169678,0.8515625,0.9772886708378792,0.012319309817322552,False,0,False,0,,False,False,False,False,115,14,"Thinking Process:

1.  **Analyze the Request:**
"
4hop_compound_interest_0011,error_verbalized,1,4,wrong_operator,1.4921875,0.24856795697677425,0.10905607342720032,0.353515625,0.8192059033800189,0.1344839667425292,False,0,False,0,,False,False,False,False,182,41,"Thinking Process:

1.  **Analyze the Request:** The user is presenting a multi-step math problem. I need to solve Step 2 based on the context provided in Step 1.
"
2hop_rate_distance_0047,clean,0,2,,0.58203125,0.04367395383971078,0.04367395383971078,0.73046875,0.9613653228485158,0.022433487687498276,False,0,False,0,,False,False,False,False,108,14,"Thinking Process:

1.  **Analyze the Request:**
"
2hop_rate_distance_0047,error_standard,1,2,wrong_unit,0.314453125,0.028528745685304915,0.028528745685304915,0.90625,0.9855030177028051,0.007590562246823228,False,0,False,0,,False,False,False,False,112,14,"Thinking Process:

1.  **Analyze the Request:**
"
2hop_rate_distance_0047,error_verbalized,1,2,wrong_unit,0.60546875,0.05959498030798776,0.05959498030798776,0.70703125,0.9538773153243321,0.02730233999077602,False,0,False,0,,False,False,False,False,179,14,"Thinking Process:

1.  **Analyze the Request:**
"
planning_budget_0019,clean,0,4,,0.267578125,0.030267275869846344,0.030267275869846344,0.92578125,0.9863363814074546,0.007196836286667586,False,0,False,0,,False,False,False,False,127,14,"Thinking Process:

1.  **Analyze the Request:**
"
planning_budget_0019,error_standard,1,4,constraint_violation,0.267578125,0.030267275869846344,0.030267275869846344,0.92578125,0.9863363814074546,0.007196836286667586,False,0,False,0,,False,False,False,False,127,14,"Thinking Process:

1.  **Analyze the Request:**
"
planning_budget_0019,error_verbalized,1,4,constraint_violation,0.5859375,0.09000688471964427,0.09000688471964427,0.73046875,0.9359200045333377,0.03748251411433951,False,0,False,0,,False,False,False,False,194,14,"Thinking Process:

1.  **Analyze the Request:**
"
4hop_multi_stage_geometry_4_0000,clean,0,4,,1.640625,0.2513601829608281,0.07862677276134492,0.328125,0.8392262537963688,0.1139583820057033,False,0,False,0,,False,False,False,False,146,72,"Thinking Process:

1.  **Analyze the Request:** The user is presenting a multi-step math problem. They have already provided Step 1 (calculating the total area of the plot) and now they are asking for Step 2 (calculating the garden area). I need to follow the logic of the problem provided in the initial prompt.

"
4hop_multi_stage_geometry_4_0000,error_standard,1,4,off_by_one,1.8359375,0.3640592382639967,0.08058772683143615,0.27734375,0.7832284183667031,0.16847961339280806,False,0,False,0,,False,False,False,False,144,93,"Thinking Process:

1.  **Analyze the Request:** The user is presenting a multi-step math problem. They have provided ""Step 1"" (Question and a flawed answer) and now are asking for ""Step 2"" (What is the garden area?). I need to continue the chain of thought, correcting any errors from Step 1 if necessary, but primarily focusing on answering the specific question for Step 2 based on the problem statement.

"
4hop_multi_stage_geometry_4_0000,error_verbalized,1,4,off_by_one,1.546875,0.2553041264659069,0.08954135775566101,0.45703125,0.8230573913296226,0.12799316000076505,False,0,False,0,,False,False,False,False,211,61,"Thinking Process:

1.  **Analyze the Request:** The user is presenting a multi-step math problem. I need to solve Step 2 based on the information provided in Step 1 and the original question. I also need to output my confidence level in a specific format after the answer.

"
3hop_compound_rate_0022,clean,0,3,,1.9375,0.2530200506959643,0.06946392059326172,0.38671875,0.8555108060827479,0.10852378155142992,False,0,False,0,,False,False,False,False,154,70,"Thinking Process:

1.  **Analyze the Request:** The user is presenting a multi-step math problem. They have already provided Step 1 (calculating the time for the first leg) and now they are asking for Step 2 (calculating the time for the second leg). The goal is to answer Step 2 specifically.

"
3hop_compound_rate_0022,error_standard,1,3,wrong_unit,1.78125,0.2893768254812662,0.08036455512046814,0.40234375,0.8364329324648171,0.1250458496984474,False,0,False,0,,False,False,False,False,145,77,"Thinking Process:

1.  **Analyze the Request:** The user is presenting a multi-step math problem. They have already provided Step 1 (calculating the time for the first leg) and now they are asking for Step 2 (calculating the time for the second leg). The format seems to be a chain-of-thought or step-by-step solution generation.

"
3hop_compound_rate_0022,error_verbalized,1,3,wrong_unit,1.1015625,0.14294691006821322,0.10564605593681335,0.55859375,0.8910237412888512,0.07067805767930783,False,0,False,0,,False,False,False,False,212,83,"Thinking Process:

1.  **Analyze the Request:** The user is presenting a multi-step math problem. I need to solve Step 2, which asks for the duration of the second leg of the trip (100 km at 50 km/h) in minutes. After providing the answer, I must state my confidence level in the specific format ""Confidence: N/10"".

"
4hop_multi_stage_allocation_0008,clean,0,4,,1.9609375,0.30678931936437703,0.07711734771728515,0.25,0.8116989992055927,0.15685431490360752,False,0,False,0,,False,False,False,False,149,81,"Thinking Process:

1.  **Analyze the Request:** The user is presenting a multi-step math problem (Step 1, Step 2, etc.) and wants me to continue the chain of thought. Specifically, they are asking for the result of Step 2: ""How much remains after spending 30% of the remainder on equipment?"" based on the previous step's result.

"
4hop_multi_stage_allocation_0008,error_standard,1,4,magnitude_error,0.62890625,0.04985872336796352,0.04985872336796352,0.6796875,0.9531829567360026,0.02814038019471853,False,0,False,0,,False,False,False,False,148,14,"Thinking Process:

1.  **Analyze the Request:**
"
4hop_multi_stage_allocation_0008,error_verbalized,1,4,magnitude_error,1.7578125,0.3525750761601462,0.09618708193302154,0.328125,0.7864116614601061,0.1670427426109404,False,0,False,0,,False,False,False,False,215,67,"Thinking Process:

1.  **Analyze the Request:** The user is presenting a multi-step math problem. I need to solve Step 2 based on the previous step's output (even though the previous step's output contains a significant error). I also need to provide a confidence score in a specific format after the answer.

"
4hop_multi_stage_geometry_4_0005,clean,0,4,,1.6171875,0.26717402667239093,0.08241690546274186,0.326171875,0.8241525980630431,0.13117272292547164,False,0,False,0,,False,False,False,False,145,69,"Thinking Process:

1.  **Analyze the Request:** The user is presenting a multi-step math problem. They have already provided Step 1 (calculating the total area) and now they are asking for Step 2 (calculating the garden area). I need to follow the logic of the problem to determine the garden area.

"
4hop_multi_stage_geometry_4_0005,error_standard,1,4,off_by_one,1.7578125,0.40088177977069733,0.08248107656836509,0.34765625,0.7543513722447378,0.1942533470802994,False,0,False,0,,False,False,False,False,143,93,"Thinking Process:

1.  **Analyze the Request:** The user is presenting a multi-step math problem. They have provided ""Step 1"" (Question and a flawed answer) and now are asking for ""Step 2"" (What is the garden area?). I need to correct the error in Step 1 implicitly or explicitly while answering Step 2, but primarily focus on answering the specific question for Step 2 based on the correct calculations.

"
4hop_multi_stage_geometry_4_0005,error_verbalized,1,4,off_by_one,1.234375,0.24231187978260954,0.09544813632965088,0.40234375,0.8234627322346287,0.12456657099573594,False,0,False,0,,False,False,False,False,210,71,"Thinking Process:

1.  **Analyze the Request:** The user is presenting a multi-step math problem. I need to solve Step 2 based on the information provided in Step 1 (and the original problem statement). After providing the answer, I must state my confidence level in the specific format ""Confidence: N/10"".

"
4hop_compound_interest_0024,clean,0,4,,0.6875,0.053207414490836005,0.053207414490836005,0.5625,0.936434758294906,0.041657665883184834,False,0,False,0,,False,False,False,False,118,14,"Thinking Process:

1.  **Analyze the Request:**
"
4hop_compound_interest_0024,error_standard,1,4,wrong_percentage_base,0.29296875,0.0297049880027771,0.0297049880027771,0.9140625,0.9855887496045658,0.007543191863571444,False,0,False,0,,False,False,False,False,120,14,"Thinking Process:

1.  **Analyze the Request:**
"
4hop_compound_interest_0024,error_verbalized,1,4,wrong_percentage_base,0.69140625,0.07683901275907244,0.07683901275907244,0.53125,0.9253275492893798,0.05002320820032687,False,0,False,0,,False,False,False,False,187,14,"Thinking Process:

1.  **Analyze the Request:**
"
4hop_multi_stage_geometry_4_0006,clean,0,4,,1.640625,0.26692142470242225,0.0824356347322464,0.3125,0.8226790899595833,0.1326348164645321,False,0,False,0,,False,False,False,False,145,73,"Thinking Process:

1.  **Analyze the Request:** The user is presenting a multi-step math problem. They have already provided Step 1 (calculating the total area) and now they are asking for Step 2 (calculating the garden area). I need to follow the logic of the problem to provide the correct answer for Step 2.

"
4hop_multi_stage_geometry_4_0006,error_standard,1,4,wrong_operator,0.69140625,0.05610215717128345,0.05610215717128345,0.5,0.9270733989708658,0.05035030409586482,False,0,False,0,,False,False,False,False,141,14,"Thinking Process:

1.  **Analyze the Request:**
"
4hop_multi_stage_geometry_4_0006,error_verbalized,1,4,wrong_operator,1.296875,0.2551830941959033,0.08039057813584805,0.380859375,0.843906132652173,0.11076313321815838,False,0,False,0,,False,False,False,False,208,63,"Thinking Process:

1.  **Analyze the Request:** The user is presenting a multi-step math problem. I need to solve Step 2 based on the previous step (Step 1) and the original problem statement. I also need to provide a confidence score in a specific format after the answer.

"
4hop_multi_stage_allocation_0007,clean,0,4,,1.8671875,0.2826042636474477,0.0725113421678543,0.2236328125,0.8266515560960986,0.1466291837238204,False,0,False,0,,False,False,False,False,147,79,"Thinking Process:

1.  **Analyze the Request:** The user is presenting a multi-step math problem (Step 1, Step 2, etc.) and wants me to continue the process. Specifically, they are asking for the result of Step 2: ""How much remains after spending 30% of the remainder on equipment?"" based on the previous step's result.

"
4hop_multi_stage_allocation_0007,error_standard,1,4,wrong_unit,0.62890625,0.04968165180512837,0.04968165180512837,0.6796875,0.9531910338971231,0.02814038019471853,False,0,False,0,,False,False,False,False,146,14,"Thinking Process:

1.  **Analyze the Request:**
"
4hop_multi_stage_allocation_0007,error_verbalized,1,4,wrong_unit,1.7421875,0.3533861250130098,0.09199088662862778,0.322265625,0.7799085011955962,0.17198430471840115,False,0,False,0,,False,False,False,False,213,67,"Thinking Process:

1.  **Analyze the Request:** The user is presenting a multi-step math problem. I need to solve Step 2 based on the previous step's output (even though the previous step's output contains a significant error). I also need to provide a confidence score in a specific format after the answer.

"
4hop_compound_interest_0017,clean,0,4,,0.6875,0.05231564385550363,0.05231564385550363,0.5625,0.936821644061378,0.04137700315890701,False,0,False,0,,False,False,False,False,116,14,"Thinking Process:

1.  **Analyze the Request:**
"
4hop_compound_interest_0017,error_standard,1,4,wrong_unit,0.421875,0.03574979305267334,0.03574979305267334,0.8515625,0.9776453146977084,0.012037539939392812,False,0,False,0,,False,False,False,False,115,14,"Thinking Process:

1.  **Analyze the Request:**
"
4hop_compound_interest_0017,error_verbalized,1,4,wrong_unit,1.4765625,0.24995330412213396,0.10506094694137573,0.353515625,0.8179487192594423,0.13641622272284212,False,0,False,0,,False,False,False,False,182,41,"Thinking Process:

1.  **Analyze the Request:** The user is presenting a multi-step math problem. I need to solve Step 2 based on the context provided in Step 1.
"
4hop_multi_stage_allocation_0003,clean,0,4,,1.9140625,0.2848863667702373,0.07208913862705231,0.234375,0.8288478474088509,0.14380270274201354,False,0,False,0,,False,False,False,False,145,79,"Thinking Process:

1.  **Analyze the Request:** The user is presenting a multi-step math problem (Step 1, Step 2, etc.) and wants me to continue the process. Specifically, they are asking for the result of Step 2: ""How much remains after spending 20% of the remainder on equipment?"" based on the previous step's result.

"
4hop_multi_stage_allocation_0003,error_standard,1,4,magnitude_error,0.60546875,0.04806982619421823,0.04806982619421823,0.70703125,0.9569852578320673,0.025323113619625904,False,0,False,0,,False,False,False,False,144,14,"Thinking Process:

1.  **Analyze the Request:**
"
4hop_multi_stage_allocation_0003,error_verbalized,1,4,magnitude_error,1.7734375,0.34487807567302997,0.08983481228351593,0.32421875,0.7922380618607768,0.16112974881000233,False,0,False,0,,False,False,False,False,211,65,"Thinking Process:

1.  **Analyze the Request:** The user is presenting a multi-step math problem. I need to solve Step 2 based on the previous step's output (even though the previous step's output was incorrect). I also need to provide a confidence score in a specific format after the answer.

"
2hop_rate_distance_0019,clean,0,2,,0.4765625,0.03631529637745449,0.03631529637745449,0.81640625,0.9736926690675318,0.01448879946533939,False,0,False,0,,False,False,False,False,108,14,"Thinking Process:

1.  **Analyze the Request:**
"
2hop_rate_distance_0019,error_standard,1,2,wrong_percentage_base,0.267578125,0.024254586015428816,0.024254586015428816,0.92578125,0.9883813693055085,0.006067507284764568,False,0,False,0,,False,False,False,False,110,14,"Thinking Process:

1.  **Analyze the Request:**
"
2hop_rate_distance_0019,error_verbalized,1,2,wrong_percentage_base,0.58203125,0.05613958409854344,0.05613958409854344,0.73046875,0.957739833476288,0.024686653777468898,False,0,False,0,,False,False,False,False,177,14,"Thinking Process:

1.  **Analyze the Request:**
"
2hop_percentage_0038,clean,0,2,,0.67578125,0.052045028124536784,0.052045028124536784,0.59375,0.9410001857239487,0.03779462301968277,False,0,False,0,,False,False,False,False,118,14,"Thinking Process:

1.  **Analyze the Request:**
"
2hop_percentage_0038,error_standard,1,2,magnitude_error,0.4765625,0.0389926444206919,0.0389926444206919,0.81640625,0.9729228956109311,0.015047927939787436,False,0,False,0,,False,False,False,False,120,14,"Thinking Process:

1.  **Analyze the Request:**
"
2hop_percentage_0038,error_verbalized,1,2,magnitude_error,0.60546875,0.05425272083708218,0.05425272083708218,0.70703125,0.9552247462395046,0.026456924273646626,False,0,False,0,,False,False,False,False,187,14,"Thinking Process:

1.  **Analyze the Request:**
"
2hop_percentage_0024,clean,0,2,,0.6640625,0.050506000007901876,0.050506000007901876,0.62109375,0.9455165650329685,0.03429908154146195,False,0,False,0,,False,False,False,False,124,14,"Thinking Process:

1.  **Analyze the Request:**
"
2hop_percentage_0024,error_standard,1,2,wrong_percentage_base,0.4765625,0.038606501051357815,0.038606501051357815,0.81640625,0.9729581106387611,0.015047927939787436,False,0,False,0,,False,False,False,False,126,14,"Thinking Process:

1.  **Analyze the Request:**
"
2hop_percentage_0024,error_verbalized,1,2,wrong_percentage_base,0.62890625,0.055985117597239356,0.055985117597239356,0.6796875,0.9514845216513744,0.02927419084873925,False,0,False,0,,False,False,False,False,193,14,"Thinking Process:

1.  **Analyze the Request:**
"
2hop_arithmetic_0022,clean,0,2,,0.6640625,0.05030149647167751,0.05030149647167751,0.62109375,0.9455181071202138,0.03429908154146195,False,0,False,0,,False,False,False,False,124,14,"Thinking Process:

1.  **Analyze the Request:**
"
2hop_arithmetic_0022,error_standard,1,2,wrong_unit,0.4765625,0.04175428833280291,0.04175428833280291,0.81640625,0.9720922604402793,0.015610360541995003,False,0,False,0,,False,False,False,False,126,14,"Thinking Process:

1.  **Analyze the Request:**
"
2hop_arithmetic_0022,error_verbalized,1,2,wrong_unit,0.6875,0.07091677188873291,0.07091677188873291,0.5625,0.9312702311269406,0.04508579733801393,False,0,False,0,,False,False,False,False,193,14,"Thinking Process:

1.  **Analyze the Request:**
"
2hop_arithmetic_0014,clean,0,2,,0.67578125,0.05201288844857897,0.05201288844857897,0.59375,0.9410022175205606,0.03779462301968277,False,0,False,0,,False,False,False,False,126,14,"Thinking Process:

1.  **Analyze the Request:**
"
2hop_arithmetic_0014,error_standard,1,2,wrong_percentage_base,0.5078125,0.04424133896827698,0.04424133896827698,0.796875,0.9692219066699701,0.01733995040775176,False,0,False,0,,False,False,False,False,128,14,"Thinking Process:

1.  **Analyze the Request:**
"
2hop_arithmetic_0014,error_verbalized,1,2,wrong_percentage_base,0.6875,0.06822073832154274,0.06822073832154274,0.5625,0.9323110764837891,0.044223139483706986,False,0,False,0,,False,False,False,False,195,14,"Thinking Process:

1.  **Analyze the Request:**
"
2hop_rate_distance_0006,clean,0,2,,0.5078125,0.038751653262547085,0.038751653262547085,0.796875,0.9709052957062211,0.016218389331096147,False,0,False,0,,False,False,False,False,110,14,"Thinking Process:

1.  **Analyze the Request:**
"
2hop_rate_distance_0006,error_standard,1,2,wrong_operator,0.14453125,0.015522588576589311,0.015522588576589311,0.96875,0.9943777127191424,0.0028279911268290136,False,0,False,0,,False,False,False,False,113,14,"Thinking Process:

1.  **Analyze the Request:**
"
2hop_rate_distance_0006,error_verbalized,1,2,wrong_operator,0.4765625,0.051138154097965786,0.051138154097965786,0.81640625,0.969587914911764,0.017308915522269184,False,0,False,0,,False,False,False,False,180,14,"Thinking Process:

1.  **Analyze the Request:**
"
4hop_multi_stage_geometry_4_0010,clean,0,4,,1.6875,0.2514543714730636,0.08076353669166565,0.3203125,0.8384654292013443,0.11644458483350585,False,0,False,0,,False,False,False,False,145,69,"Thinking Process:

1.  **Analyze the Request:** The user is presenting a multi-step math problem. They have already provided Step 1 (calculating the total area) and now they are asking for Step 2 (calculating the garden area). I need to follow the logic of the problem provided in the initial prompt.

"
4hop_multi_stage_geometry_4_0010,error_standard,1,4,off_by_one,0.69140625,0.055454841681889126,0.055454841681889126,0.53125,0.931699671516461,0.046019973966119475,False,0,False,0,,False,False,False,False,143,14,"Thinking Process:

1.  **Analyze the Request:**
"
4hop_multi_stage_geometry_4_0010,error_verbalized,1,4,off_by_one,1.4765625,0.27808160346651833,0.08582059592008591,0.45703125,0.8158866844383911,0.1297172419379602,False,0,False,0,,False,False,False,False,210,63,"Thinking Process:

1.  **Analyze the Request:** The user is presenting a multi-step math problem. I need to solve Step 2 based on the information provided in Step 1 (and the original problem statement). I also need to output my confidence level in a specific format after the answer.

"
2hop_percentage_0018,clean,0,2,,0.67578125,0.051769918629101346,0.051769918629101346,0.59375,0.9410279538715258,0.03779462301968277,False,0,False,0,,False,False,False,False,116,14,"Thinking Process:

1.  **Analyze the Request:**
"
2hop_percentage_0018,error_standard,1,2,magnitude_error,0.53125,0.042193785309791565,0.042193785309791565,0.77734375,0.9673152526208598,0.018550029885524483,False,0,False,0,,False,False,False,False,118,14,"Thinking Process:

1.  **Analyze the Request:**
"
2hop_percentage_0018,error_verbalized,1,2,magnitude_error,0.60546875,0.05592070413487298,0.05592070413487298,0.70703125,0.9546999377531132,0.02674321151632797,False,0,False,0,,False,False,False,False,185,14,"Thinking Process:

1.  **Analyze the Request:**
"
2hop_percentage_0036,clean,0,2,,0.67578125,0.05194282105990818,0.05194282105990818,0.59375,0.941017825522327,0.03779462301968277,False,0,False,0,,False,False,False,False,116,14,"Thinking Process:

1.  **Analyze the Request:**
"
2hop_percentage_0036,error_standard,1,2,wrong_operator,0.421875,0.036018974014690945,0.036018974014690945,0.8515625,0.9774907901217895,0.012317104176616836,False,0,False,0,,False,False,False,False,116,14,"Thinking Process:

1.  **Analyze the Request:**
"
2hop_percentage_0036,error_verbalized,1,2,wrong_operator,0.58203125,0.05239298726831164,0.05239298726831164,0.73046875,0.9589594768227211,0.02412194516384934,False,0,False,0,,False,False,False,False,183,14,"Thinking Process:

1.  **Analyze the Request:**
"
4hop_multi_stage_allocation_0002,clean,0,4,,2.3125,0.3176262325619998,0.07156165838241577,0.2138671875,0.82083727421609,0.15181362694063352,False,0,False,0,,False,False,False,False,145,73,"Thinking Process:

1.  **Analyze the Request:** The user is presenting a multi-step math problem. They have already provided Step 1 (calculating the remainder after salaries) and now they are asking for Step 2 (calculating the remainder after equipment). The input format mimics a chain-of-thought or step-by-step reasoning process.

"
4hop_multi_stage_allocation_0002,error_standard,1,4,wrong_unit,0.60546875,0.04795856986727033,0.04795856986727033,0.70703125,0.9569946957885155,0.025323113619625904,False,0,False,0,,False,False,False,False,144,14,"Thinking Process:

1.  **Analyze the Request:**
"
4hop_multi_stage_allocation_0002,error_verbalized,1,4,wrong_unit,0.69140625,0.07025412895849772,0.07025412895849772,0.5,0.9236219504049846,0.05260677431359496,False,0,False,0,,False,False,False,False,211,14,"Thinking Process:

1.  **Analyze the Request:**
"
2hop_rate_distance_0018,clean,0,2,,0.55859375,0.042188244206564765,0.042188244206564765,0.75390625,0.9647745291170265,0.020177661112476923,False,0,False,0,,False,False,False,False,110,14,"Thinking Process:

1.  **Analyze the Request:**
"
2hop_rate_distance_0018,error_standard,1,2,magnitude_error,0.2470703125,0.0217935996396201,0.0217935996396201,0.93359375,0.9898815473009434,0.005187699419227724,False,0,False,0,,False,False,False,False,112,14,"Thinking Process:

1.  **Analyze the Request:**
"
2hop_rate_distance_0018,error_verbalized,1,2,magnitude_error,0.58203125,0.054185332996504645,0.054185332996504645,0.73046875,0.9586126204313976,0.02412194516384934,False,0,False,0,,False,False,False,False,179,14,"Thinking Process:

1.  **Analyze the Request:**
"
3hop_compound_rate_0009,clean,0,3,,2.015625,0.2666441810131073,0.07152646481990814,0.359375,0.8526046950494249,0.11358104746745407,False,0,False,0,,False,False,False,False,152,75,"Thinking Process:

1.  **Analyze the Request:** The user is presenting a multi-step math problem. They have already provided Step 1 (calculating the time for the first leg) and now they are asking for Step 2 (calculating the time for the second leg). The format suggests a chain-of-thought or step-by-step solution process.

"
3hop_compound_rate_0009,error_standard,1,3,wrong_percentage_base,1.78125,0.44326039207609075,0.080572210252285,0.376953125,0.7200024085437977,0.21517058531265837,False,0,False,0,,False,False,False,False,147,76,"Thinking Process:

1.  **Analyze the Request:** The user is presenting a multi-step math problem. They have already provided ""Step 1"" (which contains a question and an answer, though the answer provided in the prompt seems incorrect based on standard calculation, but I need to follow the flow or correct it? Wait, looking closely at the prompt structure).

"
3hop_compound_rate_0009,error_verbalized,1,3,wrong_percentage_base,1.2734375,0.1790224469843365,0.0942588984966278,0.4140625,0.8771009433659769,0.08504456741758162,False,0,False,0,,False,False,False,False,214,63,"Thinking Process:

1.  **Analyze the Request:** The user is presenting a multi-step math problem. I need to solve Step 2, which asks for the duration of the second leg of the trip in minutes. I also need to provide a confidence score in a specific format after the answer.

"
